folder,page_range,question_id,question_id_original,question_en,answer_id_original,answer_en,score_5,score_01,feedback,is_relevant,source_file
D17-Dampak Gadget,1-19,1,"Aku merasa mataku sering lelah akhir-akhir ini, apa karena aku terlalu lama main gadget ya?","I feel like my eyes are tired a lot lately, is it because I've been playing gadgets for too long?","Bisa jadi, lho. Penggunaan gadget yang berlebihan memang sering bikin mata lelah, bahkan bisa menyebabkan gangguan penglihatan. Coba kurangi waktu layar, misalnya istirahat setiap 20 menit dan lihat jauh-jauh. Kamu biasa main gadget berapa jam sehari?","It may be, you know, that excessive use of gadgets often makes the eyes tired, even causing visual impairment.Try to reduce screen time, for example, taking a break every 20 minutes and looking far away.",4,0.75,"(Chunk 1) The response provided is relevant to the user's query, which is about the potential negative effects of gadget use on eye health. The answer directly addresses the user's concern about their tired eyes, suggesting a practical solution of reducing screen time and taking breaks. However, the response could have been more comprehensive by mentioning the broader implications of gadget use on children's health and well-being, as well as the importance of digital literacy and supervision by parents. The response also lacks the depth and detail found in the reference answer, which provides a more thorough analysis of the issue. Despite these shortcomings, the response remains on-topic and offers a relevant solution to the user's problem. So the overall score is 4.",True,D17_GROK_DampakGadget1-19_23.json
D17-Dampak Gadget,1-19,2,"Anakku kok susah banget lepas dari gadget, apa ini wajar?","My son is having a hard time getting rid of the gadget, is this normal?","Hmm, itu sebenarnya nggak terlalu wajar kalau sampai susah lepas, apalagi kalau udah mengganggu aktivitas lain. Penggunaan gadget yang nggak terkontrol bisa bikin anak ketergantungan, bahkan memengaruhi kesehatan mental dan sosialnya. Mungkin coba atur batas waktu penggunaan gadget dan ajak dia main di luar atau ngobrol bareng keluarga.","Hmm, that's actually not very natural to get away with, especially if it's interfering with other activities.Using uncontrolled gadgets can make a child addicted, even affecting his mental and social health.Maybe try setting a time limit for using gadgets and taking him out to play or chatting with family.",4,0.75,"(Chunk 4) The response provided does address the user's question to some extent, but it lacks the depth and specificity that would make it highly relevant. The answer touches on the idea of setting a time limit for gadget use and suggests taking the child out to play or chat with family, which are relevant suggestions. However, it does not delve into the broader implications of gadget use on early childhood development, nor does it provide a comprehensive analysis of the issue as the user's question implies. The response also fails to mention any specific studies or literature that could provide a more informed perspective on the issue. Therefore, while the response is somewhat relevant, it does not fully address the user's query in a detailed and contextually rich manner.   In conclusion, the response is mostly relevant and addresses the main aspects of the user's question, but it includes minor irrelevant details and slight deviations from the query focus. The response could be improved by providing a more in-depth analysis of the impact of gadget use on early childhood development and by referencing specific studies or literature to support the suggestions made.",True,D17_GROK_DampakGadget1-19_23.json
D17-Dampak Gadget,1-19,3,"Aku suka main game di HP sampai lupa waktu, apa itu bahaya?","I like playing games on HP until I forget how long it takes, is that dangerous?","Wah, kalau sampai lupa waktu, itu bisa jadi sinyal buat lebih hati-hati. Main game berlebihan bisa bikin stres, kurang tidur, bahkan ganggu kesehatan fisik seperti sakit punggung atau obesitas. Coba atur jadwal, misalnya main cuma 1-2 jam sehari, dan sisihkan waktu buat aktivitas lain yang bikin kamu happy.","Excessive play can lead to stress, lack of sleep, and even physical health disorders such as back pain or obesity.Try to set a schedule, such as playing just 1-2 hours a day, and set aside time for other activities that make you happy.",5,1.0,"(Chunk 1) The response provided is highly relevant to the user's question, directly addressing the concerns about the potential dangers of excessive play on gadgets. It offers practical advice on how to manage time and reduce the risk of health disorders, which aligns with the user's query about the safety of playing games on HP. The response also stays on topic, focusing solely on the user's question and providing focused information from the context. It does not include any irrelevant details or deviations from the query focus, thus meeting the criteria for a score of 5 according to the score rubric.",True,D17_GROK_DampakGadget1-19_23.json
D17-Dampak Gadget,1-19,4,"Aku merasa cemas kalau nggak pegang HP, ini kenapa ya?","I'm worried about not having an HP, why is this?","Itu bisa jadi tanda ketergantungan pada gadget, lho. Penggunaan gadget yang berlebihan memang bisa memicu kecemasan atau perilaku impulsif. Coba mulai dengan ninggalin HP di tempat tertentu pas lagi nggak perlu, misalnya saat makan atau sebelum tidur, biar kamu lebih rileks.","Excessive use of gadgets can trigger anxiety or impulsive behavior.Try to start by leaving your HP in a certain place when it is no longer necessary, such as at dinner or before bedtime, so that you can relax.",3,0.5,"(Chunk 1) The response provided is somewhat relevant to the user's question, as it does address the issue of gadget use and its potential negative effects. However, it fails to directly address the user's concern about not having an HP, which is a key aspect of the query. The advice given is generic and does not specifically relate to the user's situation or the context of the query. The response also lacks the depth and detail that would make it more informative and helpful to the user. It does not provide any concrete steps or strategies for managing gadget use, nor does it mention any specific research findings or literature review that could support the advice given. Therefore, while the response is not entirely irrelevant, it does not fully meet the criteria for a high score as it only partially addresses the user's question and includes substantial irrelevant information. So the overall score is 3.",True,D17_GROK_DampakGadget1-19_23.json
D17-Dampak Gadget,1-19,5,"Anakku jadi jarang ngobrol sama temennya gara-gara asik sama gadget, apa yang harus aku lakukan?","My son is so seldom talking to his friend because of the same gadget, what should I do?","Sayang banget kalau interaksi sosialnya terganggu. Gadget memang bisa bikin anak lebih fokus ke layar daripada lingkungan sekitar. Coba ajak dia ikut kegiatan yang melibatkan temen-temen, seperti main di taman atau ikut klub olahraga. Juga, batasi waktu gadgetnya supaya dia punya waktu buat ngobrol sama orang lain.","It's a shame that social interaction is disrupted. gadgets can make a child more focused on the screen than on the surrounding environment. try to get him to participate in activities involving friends, such as playing in a park or attending a sports club. also, limit the time of his gadget so that he has time to talk to others.",3,0.5,"(Chunk 1) The response provided does not fully address the user's query. While it does mention the use of gadgets and the impact on social interaction, it fails to provide a comprehensive solution to the user's problem. The response suggests activities involving friends and limiting gadget time, but it does not delve into the specifics of how to implement these suggestions or how to address the issue of the child's lack of motivation to talk to his friend. Additionally, the response does not reference any literature or studies that could provide further insight into the issue at hand. The lack of depth and specificity in the response, as well as the absence of any supporting evidence or references to relevant literature, makes it less effective in addressing the user's question. Therefore, based on the score rubric, the response is only partially relevant and does not fully stay on topic, as it misses key aspects of the query.",True,D17_GROK_DampakGadget1-19_23.json
D17-Dampak Gadget,1-19,6,"Aku kasih anakku gadget biar dia anteng, apa salah sih?","I gave my son a gadget to set up, what's wrong?","Bisa dimengerti kalau pengen anak anteng, tapi kasih gadget tanpa batasan itu riskan. Banyak penelitian bilang penggunaan gadget yang nggak diawasi bisa ganggu kesehatan fisik dan mental anak, kayak obesitas atau susah atur emosi. Mungkin coba ganti dengan aktivitas lain, seperti buku cerita atau mainan edukatif, dan atur waktu pakai gadgetnya.","It's understandable that children want to be smart, but the unlimited love of gadgets is risky.Many studies say that using unattended gadgets can disrupt a child's physical and mental health, such as obesity or emotional distress.Perhaps try replacing it with other activities, such as a storybook or educational toy, and schedule the time to use the gadgets.",3,0.5,"(Chunk 1) The response provided does address the user's question to some extent, but it lacks the depth and specificity that would make it highly relevant. The response touches on the potential negative effects of gadget use on children's health, which is relevant to the user's query. However, it does not provide a detailed analysis or mention any specific studies or literature reviews that could support the claims made. Additionally, the response suggests alternative activities and time management, which are relevant to the user's question, but it does not elaborate on these suggestions or provide concrete examples or strategies. The response also fails to mention the importance of digital literacy and the role of family and school in preventing health risks due to gadgets, which are key aspects of the user's query. Therefore, while the response is somewhat relevant, it does not fully address the user's question and includes substantial irrelevant information. So the overall score is 3.",True,D17_GROK_DampakGadget1-19_23.json
D17-Dampak Gadget,1-19,7,"Aku sering sakit kepala setelah main HP lama, apa ini normal?","I often have a headache after playing the old HP, is this normal?","Nggak terlalu normal, sih. Sakit kepala bisa jadi salah satu efek dari terlalu lama menatap layar gadget. Coba kurangi durasi pakainya, pastikan cahaya di ruangan nggak terlalu silau, dan atur jarak layar dari mata. Kalau masih sering, mungkin konsultasi ke dokter, ya.","It's not too normal, but headaches can be one of the effects of too long looking at the gadget screen.Try to reduce the duration of the exposure, make sure the light in the room is not too bright, and adjust the distance of the screen from the eyes.If it's still frequent, maybe consult a doctor, yes.",3,0.5,"(Chunk 1) The response provided does address the user's question to some extent, but it lacks the depth and specificity that would make it highly relevant. The answer does mention the potential for headaches due to gadget use, which is a relevant point. However, it fails to provide a comprehensive analysis of the issue, such as discussing the broader implications of gadget use on children's health or offering more detailed advice on how to mitigate the risks associated with gadget use. Additionally, the response does not reference any specific literature or studies, which would have strengthened its relevance to the query. The response also does not provide any concrete examples or data to support its claims, which would have made it more informative and useful to the user. Therefore, while the response is not entirely irrelevant, it does not fully meet the criteria for a highly relevant answer. It is more aligned with a score of 3, as it partially addresses the user's question but includes substantial irrelevant information and misses key aspects of the query.",True,D17_GROK_DampakGadget1-19_23.json
D17-Dampak Gadget,1-19,8,"Anakku kayaknya susah konsentrasi di sekolah, apa gara-gara gadget?","My son seems to have trouble concentrating at school, so what about the gadget?","Bisa jadi salah satu penyebabnya. Penggunaan gadget berlebihan, apalagi kalau main game atau media sosial, bisa bikin anak kehilangan motivasi belajar dan susah fokus. Coba cek berapa lama dia pakai gadget setiap hari, dan ajak diskusi buat bikin aturan waktu layar yang seimbang.","Excessive gadget use, especially when playing games or social media, can cause a child to lose motivation to learn and to have difficulty concentrating.",5,1.0,"(Chunk 1) The response directly addresses the user's concern about the impact of gadget use on a child's ability to concentrate at school. It provides a clear and concise explanation of how excessive gadget use can lead to a decrease in a child's motivation to learn and difficulty in concentrating. The response is highly relevant to the user's query and stays on topic throughout, offering focused and appropriate information from the context. It does not include any irrelevant details or deviations from the query focus. Therefore, based on the score rubric, the response is highly relevant and directly addresses all aspects of the user's question, staying completely on-topic and providing focused, appropriate information from the context.",True,D17_GROK_DampakGadget1-19_23.json
D17-Dampak Gadget,1-19,9,"Aku suka scroll medsos sampe tengah malam, apa itu buruk buatku?","I like scrolling medsos until midnight, is that bad for me?","Iya, itu bisa berdampak buruk, lho. Scroll medsos sampai larut malam bisa ganggu pola tidur, bikin stres, dan bahkan memicu kecemasan. Coba set waktu khusus buat medsos, misalnya cuma 30 menit di sore hari, dan matikan notifikasi pas malam biar kamu bisa istirahat dengan tenang.","Yes, that can have a bad effect, you know. Scrolling medicines late into the night can disrupt sleep patterns, create stress, and even trigger anxiety. Try setting a specific time for medicines, such as 30 minutes in the afternoon, and turn off notifications before nightfall so you can rest in peace.",5,1.0,"(Chunk 1) The response provided is highly relevant to the user's question, directly addressing the potential negative effects of scrolling medicines late into the night. It offers practical advice on how to mitigate these effects, such as setting a specific time for medicines and turning off notifications before nightfall. The response stays on topic and provides focused, appropriate information from the context, which is the main criteria for a score of 5. It also avoids any irrelevant details or deviations from the query focus, thereby meeting the requirements of the score rubric. So the overall score is 5.",True,D17_GROK_DampakGadget1-19_23.json
D17-Dampak Gadget,1-19,10,"Aku nggak apa-apa kok main gadget seharian, nggak ada masalah, kan?","I'm fine playing gadgets all day, that's fine, right?","Wah, meskipun kelihatannya nggak ada masalah sekarang, main gadget seharian bisa bikin masalah jangka panjang, seperti gangguan mata, kurang gerak, atau bahkan stres. Mending coba seimbangkan dengan aktivitas fisik atau ketemu temen, biar tubuh dan pikiranmu tetap sehat.","Wow, although it seems like no problem now, playing gadgets every day can cause long-term problems, such as eye problems, lack of movement, or even stress.",5,1.0,"(Chunk 4) The response provided is highly relevant to the user's question, directly addressing the potential negative impacts of excessive gadget use on children. It stays on topic by mentioning specific problems such as eye problems, lack of movement, and stress, which are directly related to the user's query about the impact of gadgets on early childhood. The response also provides a clear warning about the long-term consequences of daily gadget use, which is a crucial aspect of the user's question. The information provided is focused and appropriate, aligning well with the context of the user's question. Therefore, the response is highly relevant and directly addresses all aspects of the user's question, staying completely on-topic and providing focused, appropriate information from the context.",True,D17_GROK_DampakGadget1-19_23.json
D17-Dampak Gadget,1-19,11,"Anakku marah-marah kalau disuruh lepas gadget, apa yang salah?","My son is furious if he is asked to take off the gadget, what's wrong?","Itu bisa jadi tanda dia mulai kecanduan gadget. Perilaku agresif sering muncul kalau anak terlalu bergantung pada gadget. Coba dekati perlahan, ajak ngobrol kenapa dia suka banget sama gadget, dan bikin aturan waktu pakai yang jelas. Mungkin juga ajak dia ikut kegiatan yang dia suka di luar gadget.","It may be a sign that he is becoming addicted to gadgets. Aggressive behavior often occurs when a child is too dependent on gadgets. Try to approach slowly, talk about why he likes gadgets so much, and set clear rules for wear time.",4,0.75,"(Chunk 1) The response provided is relevant to the user's question, as it addresses the issue of a child's dependency on gadgets and suggests ways to manage this dependency. However, it lacks the depth and detail found in the reference response. The response could have been improved by providing more specific advice or by referencing the literature review mentioned in the context, which discusses the impact of gadget use on child health and mental health. Additionally, the response could have been more comprehensive by discussing the importance of prevention and the role of family and school in minimizing health risks due to gadgets. Despite these shortcomings, the response does stay on topic and provides relevant information from the context. So the overall score is 4.",True,D17_GROK_DampakGadget1-19_23.json
D17-Dampak Gadget,1-19,12,"Aku merasa anakku kurang aktif gara-gara gadget, apa bener?","I feel my son is less active because of the gadgets, isn't it?","Iya, itu mungkin banget. Terlalu lama pakai gadget bisa bikin anak kurang gerak, yang akhirnya bisa menyebabkan obesitas atau masalah kesehatan lain. Coba ajak dia main di luar, seperti sepedaan atau jalan-jalan, biar dia lebih aktif dan sehat.","Too long a child uses a gadget can make him less mobile, which can eventually lead to obesity or other health problems.Try to get him to play outside, such as cycling or walking, so that he can be more active and healthy.",3,0.5,"(Chunk 3) The response provided does not directly address the user's query about the impact of gadgets on their son's activity level. Instead, it focuses on the potential health problems associated with excessive gadget use, such as obesity. While this is a relevant aspect of the topic, it does not specifically address the user's concern about their son's reduced activity level. The response also suggests an activity, such as cycling or walking, which is a good suggestion but does not directly relate to the user's question about the impact of gadgets. Therefore, the response has moderate relevance, partially addressing the user's question but including substantial irrelevant information. It misses the key aspect of the query, which is the impact of gadgets on the user's son's activity level. So the overall score is 3.",True,D17_GROK_DampakGadget1-19_23.json
D17-Dampak Gadget,1-19,13,"Aku kasih anakku HP biar dia belajar online, tapi kok malah main game?","I'd like my son to learn online, but why even play games?","Itu sering terjadi, lho. Gadget memang bisa jadi alat belajar, tapi tanpa pengawasan, anak gampang teralih ke game atau medsos. Coba atur aplikasi yang boleh dipakai dan batasi waktu penggunaan. Juga, pastikan dia punya waktu buat aktivitas lain biar nggak cuma fokus ke layar.","It happens often, you know. a gadget can be a learning tool, but without supervision, a child can easily get caught up in games or games. try to set up a wearable app and limit the time of use. also, make sure he has time for other activities besides focusing on the screen.",3,0.5,"(Chunk 1) The response provided does not directly address the user's question about the use of gadgets in online learning for their son. While it does mention the use of gadgets and the importance of supervision, it fails to provide a comprehensive answer to the user's query. The response does not delve into the specifics of online learning or the potential benefits and drawbacks of gadget use in this context. It also lacks the depth and detail that would be expected from an expert in NLP evaluation metrics. The response is somewhat relevant, but it does not fully explore the user's concerns or provide a thorough analysis of the topic. Therefore, based on the score rubric, the response is only partially relevant and does not fully address the user's question.",True,D17_GROK_DampakGadget1-19_23.json
D17-Dampak Gadget,1-19,14,"Aku ngerasa kesepian kalau nggak buka HP, apa ini aneh?","I feel lonely when I don't open my HP, is that weird?","Nggak aneh, tapi itu bisa jadi tanda kamu terlalu bergantung pada gadget buat ngisi waktu. Gadget memang bisa bikin kita lupa sama lingkungan sekitar, padahal interaksi sosial itu penting. Coba luangkan waktu buat ketemu temen atau keluarga, atau coba hobi baru yang nggak melibatkan layar.","It's not strange, but it could be a sign that you're too dependent on gadgets to spend time with, and that gadgets can make you forget about the environment, even though social interaction is important.",3,0.5,"(Chunk 2) The response does touch upon the user's concern about their dependency on gadgets, which is a relevant aspect of the query. However, it fails to provide a comprehensive analysis of the user's feelings of loneliness when not using their HP. The response also includes a general statement about the importance of social interaction and the environment, which, while related to the topic of gadget use, does not directly address the user's specific query about their feelings of loneliness. The response could have been more focused on the user's emotional state and the potential impact of gadget use on this aspect. Therefore, the response has moderate relevance, partially addressing the user's question but including substantial irrelevant information or missing key aspects of the query.",True,D17_GROK_DampakGadget1-19_23.json
D17-Dampak Gadget,1-19,15,"Apa sih literasi digital itu, dan kenapa penting buat anakku?","What the hell is digital literacy, and why is it so important for my son?","Literasi digital itu kemampuan buat pakai teknologi dengan bijak dan paham risikonya. Penting banget buat anak supaya mereka tahu cara pakai gadget yang sehat, nggak cuma asal main. Dengan literasi digital, mereka bisa hindari dampak buruk seperti kecanduan atau stres, dan pakai teknologi buat hal yang bermanfaat.","Digital literacy is the ability to use technology wisely and understand the risks.It is very important for children to learn how to use healthy gadgets, regardless of the source of the toy.With digital literacy, they can avoid negative impacts such as addiction or stress, and use technology for something useful.",3,0.5,"(Chunk 2) The response provided does not directly address the user's question about digital literacy and its importance for the user's son. While it does mention the importance of digital literacy and the potential negative impacts of gadget use, it fails to provide a clear explanation of what digital literacy is and why it is so important for the user's son. The response also does not provide any specific information from the context, such as the studies mentioned in the literature review, which could have been used to support the answer. Therefore, the response is only partially relevant to the user's question and includes substantial irrelevant information. It does not fully address the main aspects of the user's query, which is why it receives a score of 3.",True,D17_GROK_DampakGadget1-19_23.json
D17-Dampak Gadget,1-19,16,"Aku nggak tahu cara batasi gadget buat anakku, mulai dari mana?","I don't know how to tie a gadget to my son, where to start?","Mulai dari hal sederhana aja. Buat aturan waktu layar, misalnya 1-2 jam sehari, dan pastikan ada waktu buat aktivitas lain seperti main di luar atau baca buku. Juga, coba jadi contoh dengan kurangi pakai gadget di depan anak. Ngobrol sama dia soal pentingnya keseimbangan, biar dia paham.","Start with a simple thing: set a screen time rule, for example 1-2 hours a day, and make sure there is time for other activities like playing outside or reading a book. Also, try to set an example by reducing the use of gadgets in front of a child.",4,0.75,"(Chunk 4) The response provided is relevant to the user's question, as it offers practical advice on how to manage the use of gadgets for a child. It suggests setting a screen time rule and ensuring that there is time for other activities, which aligns with the user's concern about tying a gadget to their son. However, the response could have been more comprehensive by including additional strategies or methods to control the use of gadgets, such as parental monitoring or the integration of digital learning technologies in school. It also lacks the depth of information that could be provided from the context, such as the potential positive impacts of gadget use on visual perception and reading ability. Despite these shortcomings, the response is still mostly relevant and addresses the main aspects of the user's question. So the overall score is 4.",True,D17_GROK_DampakGadget1-19_23.json
D17-Dampak Gadget,1-19,17,"Anakku susah tidur gara-gara main gadget, apa hubungannya?","My son is having trouble sleeping because of the main gadgets, what does that have to do with it?","Iya, ada hubungannya. Cahaya dari layar gadget bisa ganggu pola tidur karena memengaruhi hormon yang atur tidur. Coba stop penggunaan gadget minimal 1 jam sebelum tidur, dan ganti dengan aktivitas santai, seperti baca buku atau ngobrol ringan.","Yes, there is a connection.The light from the gadget screen can disrupt sleep patterns because it affects the hormones that regulate sleep.Try to stop using the gadget at least 1 hour before bedtime, and replace it with leisurely activities, such as reading a book or light chatting.",5,1.0,"(Chunk 1) The response directly addresses the user's question about the impact of gadgets on sleep, providing a clear and concise explanation of how gadgets can disrupt sleep patterns. It also offers practical advice on how to mitigate the negative effects of gadget use on sleep, such as stopping gadget use before bedtime and engaging in leisurely activities instead. The response stays on topic and provides relevant information from the context, which is the main focus of the user's query. It does not include any irrelevant information or deviations from the query focus. Therefore, the response is highly relevant and directly addresses all aspects of the user's question, staying completely on-topic and providing focused, appropriate information from the context.",True,D17_GROK_DampakGadget1-19_23.json
D17-Dampak Gadget,1-19,18,"Aku suka kasih anakku gadget biar dia nggak rewel, apa itu oke?","I love my son's gadgets so he doesn't get rewel, is that okay?","Bisa dimengerti, tapi hati-hati, ya. Kasih gadget biar anteng itu cuma solusi sementara, dan kalau kebanyakan, bisa bikin anak susah atur emosi atau kurang interaksi sosial. Coba ganti dengan aktivitas yang menarik buat dia, seperti mainan atau cerita, dan batasi waktu gadgetnya.","Love gadgets may be a temporary solution, and for the most part, it can cause a child to be emotionally strained or to lack social interaction. try replacing it with activities that are interesting to him, such as toys or stories, and limit the time of the gadget.",3,0.5,"(Chunk 1) The response provided does not directly address the user's question about the appropriateness of using gadgets to prevent rewel in their child. Instead, it offers a generalized suggestion about replacing gadgets with other activities and limiting gadget use. While the response does touch upon the potential negative effects of gadget use, such as emotional strain and lack of social interaction, it fails to provide a comprehensive analysis of the user's query. The response also lacks specific references to the literature review or the scientific articles mentioned in the context, which would have strengthened its relevance to the user's question. Therefore, the response has moderate relevance, partially addressing the user's question but including substantial irrelevant information or missing key aspects of the query.",True,D17_GROK_DampakGadget1-19_23.json
D17-Dampak Gadget,1-19,19,"Aku ngerasa stres kalau nggak cek HP setiap saat, apa ini normal?","I'm stressed out if I don't check my HP every minute, is this normal?","Itu sebenarnya nggak terlalu normal, lho. Kalau kamu merasa harus cek HP terus, itu bisa jadi tanda ketergantungan. Coba mulai dengan matiin notifikasi atau ninggalin HP di tempat lain pas lagi fokus ke aktivitas lain, biar kamu bisa lebih tenang.","If you feel you need to keep checking your HP, it could be a sign of dependency, so start by ignoring notifications or leaving your HP elsewhere before you can focus on other activities, so you can be more calm.",3,0.5,"(Chunk 2) The response provided is somewhat relevant to the user's question, as it does address the issue of dependency on gadgets. However, it lacks the depth and specificity that the user's question requires. The response suggests ignoring notifications and leaving the HP elsewhere, which is a practical approach to managing dependency. However, it does not delve into the broader implications of such dependency, nor does it provide any data or research findings that could substantiate the advice given. The response also fails to mention any specific strategies or methods that could be employed to address the issue, which is a key aspect of the user's query. Therefore, while the response is not entirely irrelevant, it does not fully address the user's question and includes substantial irrelevant information. So the overall score is 3.",True,D17_GROK_DampakGadget1-19_23.json
D17-Dampak Gadget,1-19,20,Apa gadget bikin anakku susah ngomong sama orang lain?,Does the gadget make my son hard to talk to others?,"Bisa jadi, lho. Terlalu lama pakai gadget bisa bikin anak kurang latihan interaksi sosial, bahkan memengaruhi perkembangan bahasa. Coba ajak dia ngobrol atau main sama temen sebaya, dan batasi waktu layar supaya dia lebih terhubung sama dunia nyata.","It can be, you know. Too long using gadgets can make a child less exercised in social interaction, even affecting language development.",3,0.5,"(Chunk 1) The response provided is somewhat relevant to the user's question, as it touches upon the potential negative effects of gadget use on children's social interaction and language development. However, it lacks the depth and detail that would make it highly relevant. The response does not provide specific examples or research findings that would strengthen its connection to the user's query. Additionally, it does not mention any strategies for prevention or the importance of digital literacy, which are key aspects of the user's question. The response also fails to provide a comprehensive analysis of the literature review, which is a significant part of the user's query. Therefore, while the response is not entirely irrelevant, it does not fully address the user's question and includes substantial irrelevant information. So the overall score is 3.",True,D17_GROK_DampakGadget1-19_23.json
D17-Dampak Gadget,1-19,21,"Aku nggak suka batasi gadget anakku, soalnya dia nangis, apa salah?","I don't like to put my son's gadget on, because he's crying, what's wrong?","Bisa dimengerti kalau nggak mau anak nangis, tapi membiarkan tanpa batasan itu riskan. Gadget yang nggak terkontrol bisa ganggu kesehatan mental dan fisik anak, seperti kecemasan atau kurang gerak. Coba buat aturan perlahan, dan ganti waktu gadget dengan aktivitas seru yang dia suka.","It is understandable that you do not want a child to cry, but leave it unchecked is a risk.Uncontrolled gadgets can interfere with a child's mental and physical health, such as anxiety or lack of movement.Try to make the rules slowly, and replace the gadget time with a fun activity he likes.",4,0.75,"(Chunk 1) The response provided is relevant to the user's query, as it addresses the concern about the child's gadget use and its potential negative effects. It suggests a solution to the problem by recommending the implementation of rules and replacing gadget time with enjoyable activities. However, the response could have been more comprehensive by providing more detailed advice or mentioning the importance of digital literacy and supervision, which are key aspects of the query. The response also lacks specific references to the literature review, which could have strengthened its relevance to the context provided. Despite these shortcomings, the response remains mostly relevant and stays on topic, addressing the main aspects of the user's question. So the overall score is 4.",True,D17_GROK_DampakGadget1-19_23.json
D17-Dampak Gadget,1-19,22,"Aku merasa gadget bikin hidupku lebih gampang, apa salah kalau aku pakai terus?","I feel like the gadget is making my life easier, so is it wrong if I keep wearing it?","Gadget memang bikin hidup lebih gampang, tapi kalau dipakai terus tanpa jeda, bisa bikin masalah, seperti gangguan mata atau kurang interaksi sosial. Coba seimbangkan dengan waktu buat olahraga, ngobrol sama keluarga, atau istirahat tanpa layar, biar kamu tetap sehat.","Gadgets make life easier, but if worn continuously without interruption, they can cause problems, such as eye problems or lack of social interaction.Try to balance time with exercise, family chats, or screenless breaks, so that you stay healthy.",4,0.75,"(Chunk 1) The response provided is relevant to the user's question, as it addresses the potential negative effects of continuous gadget use. It suggests a balance between gadget use and other activities, which is a key aspect of the user's query. However, the response could have been more comprehensive by including more specific examples or strategies for managing gadget use. It also lacks the depth of analysis found in the reference response, which discusses the impact of gadget use on mental health and motivation in more detail. Despite these shortcomings, the response does stay on topic and provides relevant information from the context. So the overall score is 4.",True,D17_GROK_DampakGadget1-19_23.json
D17-Dampak Gadget,1-19,23,"Sekolah anakku nggak ngajarin soal bahaya gadget, apa yang bisa aku lakukan?","My son's school is not teaching me about the dangers of gadgets, what can I do?","Kalau sekolah belum ngajarin, kamu bisa mulai dari rumah. Ajak anak ngobrol soal efek buruk gadget, seperti gangguan kesehatan atau kurang fokus. Kamu juga bisa cari sumber edukasi online tentang literasi digital dan ajak anak belajar bareng. Kalau memungkinkan, diskusi sama guru buat masukin topik ini ke pelajaran.","If school has not yet taught, you can start from home.Invite your child to talk about the adverse effects of gadgets, such as health disorders or lack of focus.You can also search online for educational resources on digital literacy and encourage the child to study together.If possible, discuss with the teacher to incorporate this topic into the lesson.",4,0.75,"(Chunk 1) The response provided is mostly relevant to the user's question, as it suggests practical steps that the user can take to address the issue of gadget use among children and adolescents. It suggests discussing the adverse effects of gadgets with the child, searching for educational resources, and discussing the matter with the teacher. However, the response could have been more comprehensive by including more specific strategies or resources that the user could utilize. Additionally, the response could have been more detailed in explaining how these strategies could be implemented effectively. Despite these shortcomings, the response does stay on topic and provides relevant information from the context. Therefore, based on the score rubric, the response is mostly relevant and addresses the main aspects of the user's question, with only minor irrelevant details or slight deviations from the query focus.",True,D17_GROK_DampakGadget1-19_23.json
