file;generator;question;answer;score_entailment;score_neutral;score_contradiction;score_final
Emotional_First_Aid_Pertolongan_Pertama-1-22;grok;Aku baru saja ditolak seseorang yang aku suka, rasanya sakit banget. Apa yang bisa aku lakukan?;Aku tahu rasanya pasti berat, seperti ada luka yang tak terlihat. Pertama, coba beri dirimu waktu untuk merasakan emosi itu, tapi jangan terlalu lama terjebak. Tulis tiga hal yang kamu suka dari dirimu, seperti kebaikan atau bakatmu, untuk mengingatkan bahwa kamu berharga. Kalau ada pikiran negatif, coba lawan dengan fakta positif tentang dirimu. Mungkin juga ajak teman ngobrol atau lakukan aktivitas yang kamu nikmati, seperti nonton film favorit. Langkah kecil ini bisa membantu kamu perlahan merasa lebih baik.;0.878;0.2453;0.2584;0.6197
Emotional_First_Aid_Pertolongan_Pertama-1-22;grok;Kenapa ditolak rasanya seperti dunia runtuh? Apa ini normal?;Sangat normal kalau kamu merasa begitu. Otak kita memang dirancang untuk bereaksi kuat terhadap penolakan, karena dulu itu bisa berarti kehilangan sesuatu yang penting untuk bertahan hidup. Sekarang, coba ingat bahwa penolakan ini tidak mendefinisikan nilai dirimu. Lakukan sesuatu yang menenangkan, seperti jalan-jalan atau dengar musik. Kalau bisa, ceritakan perasaanmu ke seseorang yang kamu percaya—itu bisa bikin bebanmu lebih ringan.;0.8681;0.2834;0.5313;0.3368
Emotional_First_Aid_Pertolongan_Pertama-1-22;grok;Aku sering merasa nggak cukup baik setelah ditolak. Gimana cara menghentikan pikiran negatif ini?;Pikiran negatif itu bisa keras, ya. Coba ambil kertas, tulis apa yang kamu kritik dari dirimu, misalnya 'Aku nggak menarik.' Lalu, lawan setiap kritik dengan fakta, seperti 'Aku punya temen yang selalu bilang aku asyik.' Ini membantu kamu melihat dirimu lebih adil. Kalau masih sulit, coba lakukan sesuatu yang kamu kuasai, seperti memasak atau menggambar, untuk mengingatkan bahwa kamu punya banyak kelebihan.;0.8907;0.2179;0.2365;0.6542
Emotional_First_Aid_Pertolongan_Pertama-1-22;grok;Setelah ditolak, aku kehilangan rasa percaya diri. Bagaimana cara membangunnya lagi?;Wajar kalau rasa percaya dirimu goyah setelah ditolak. Coba duduk sejenak dan tulis tiga hal yang kamu banggakan dari dirimu, seperti kemampuanmu mendengarkan orang lain atau kerja kerasmu. Kalau susah, ingat momen ketika kamu merasa berhasil. Lakukan juga aktivitas yang membuatmu merasa kompeten, seperti olahraga atau menulis. Sedikit demi sedikit, kamu akan ingat bahwa kamu punya banyak hal hebat.;0.7779;0.3344;0.3008;0.4771
Emotional_First_Aid_Pertolongan_Pertama-1-22;grok;Aku merasa sendiri setelah ditolak. Gimana caranya merasa terhubung lagi?;Rasanya pasti berat kalau merasa sendirian. Coba hubungi teman atau keluarga yang selalu bikin kamu nyaman, ajak ngobrol tentang apa saja—nggak harus soal penolakan. Kadang, sekadar mendengar suara mereka udah bikin hati lebih hangat. Kalau nggak punya siapa-siapa, coba ikut komunitas kecil, seperti grup hobi online. Langkah kecil ini bisa membantu kamu merasa nggak sendirian lagi.;0.8002;0.1734;0.3627;0.4375
Emotional_First_Aid_Pertolongan_Pertama-1-22;grok;Aku takut ditolak lagi di masa depan. Gimana biar nggak terlalu takut?;Takut ditolak lagi itu wajar, tapi kamu bisa melatih diri untuk lebih kuat. Ingat bahwa penolakan bukan cerminan dirimu, tapi lebih tentang situasi. Coba hadapi penolakan kecil, seperti mengajak temen nongkrong dan kalau ditolak, anggap itu latihan. Setelah ditolak, alihkan energi ke hal yang kamu suka, seperti main game atau jalan-jalan. Semakin sering kamu merelakan, semakin mudah nantinya.;0.8292;0.2691;0.3543;0.4749
Emotional_First_Aid_Pertolongan_Pertama-1-22;grok;Aku punya banyak temen, tapi tetap kesepian. Apa yang salah sama aku?;Nggak ada yang salah sama kamu. Kesepian bisa datang kalau hubungan yang kita punya belum terasa mendalam. Coba pilih satu atau dua temen yang kamu percaya, lalu ajak ngobrol tentang sesuatu yang lebih personal, seperti mimpi atau kekhawatiranmu. Membuka diri sedikit demi sedikit bisa bikin hubungan lebih erat. Kalau suka, ajak mereka lakuin sesuatu bareng, seperti nonton atau masak, biar ada momen yang bikin kalian lebih dekat.;0.8877;0.1753;0.6176;0.2701
Emotional_First_Aid_Pertolongan_Pertama-1-22;grok;Aku merasa kesepian akhir-akhir ini, dan takut ini memengaruhi orang lain. Apa yang bisa aku lakukan?;Kamu hebat karena peduli sama orang di sekitarmu meski lagi merasa kesepian. Coba mulai dengan langkah kecil, seperti kirim pesan ke temen atau keluarga untuk menyapa. Kalau bisa, ikut kegiatan yang kamu suka, seperti kelas seni atau komunitas buku, untuk ketemu orang baru. Bahkan ngobrol ringan sama orang di sekitar bisa bikin kamu merasa lebih terhubung. Kamu nggak sendirian, dan langkah kecil ini bisa bikin perubahan.;0.8477;0.1535;0.6212;0.2265
Emotional_First_Aid_Pertolongan_Pertama-1-22;grok;Aku kesepian, tapi susah buka diri ke orang lain. Gimana cara memulainya?;Membuka diri memang nggak gampang, apalagi kalau lagi kesepian. Mulai dari yang kecil aja, seperti ngobrol sama seseorang tentang hal ringan, misalnya film yang baru kamu tonton. Kalau merasa takut, ingat bahwa orang lain juga sering merasa gugup. Coba ceritain satu hal kecil tentang harimu ke temen, dan lihat respons mereka. Sedikit demi sedikit, kamu akan merasa lebih nyaman untuk terbuka. Kamu lebih kuat dari yang kamu pikir.;0.7911;0.1552;0.296;0.4951
Emotional_First_Aid_Pertolongan_Pertama-1-22;grok;Aku pengen hubungan yang lebih dekat sama orang lain, tapi selalu gagal. Apa yang harus aku lakukan?;Keinginanmu untuk hubungan yang lebih erat itu udah langkah besar. Coba luangin waktu buat refleksi—apa yang bikin kamu menjauh dari orang lain? Mungkin takut disakiti atau merasa nggak cukup baik. Setelah tahu polanya, coba lakuin satu tindakan kecil, seperti ngajak temen ngopi dan dengerin cerita mereka dengan penuh perhatian. Hubungan yang erat butuh waktu, tapi kamu pasti bisa membangunnya.;0.8827;0.2398;0.204;0.6787
Emotional_First_Aid_Pertolongan_Pertama-1-22;grok;Aku sering kesepian, tapi takut perasaanku ini nggak valid. Gimana cara menghadapinya?;Perasaanmu sangat valid, dan kamu berhak merasakan apa yang kamu rasakan. Kesepian itu nyata, dan nggak apa-apa untuk mengakuinya. Coba tulis apa yang kamu rasakan di buku atau catatan, lalu ingatkan diri bahwa ini cuma sementara. Setelah itu, lakuin sesuatu yang bikin kamu senang, seperti jalan-jalan atau denger musik. Kalau siap, hubungi seseorang untuk ngobrol—langkah kecil ini bisa bikin hati lebih ringan.;0.7633;0.3278;0.6476;0.1156
Emotional_First_Aid_Pertolongan_Pertama-1-22;grok;Aku pengen lebih dekat sama temen, tapi susah memahami mereka. Gimana caranya?;Membangun kedekatan memang butuh usaha, tapi kamu udah di jalur yang bener. Coba dengarkan cerita temenmu dengan penuh perhatian, dan bayangin dirimu di posisi mereka—misalnya, kalau mereka cerita tentang hari yang berat, pikirkan gimana rasanya. Kalau mereka lagi cerita, tanyain sesuatu seperti, 'Gimana perasaanmu waktu itu?' Ini nunjukin kamu peduli, dan mereka akan merasa lebih dekat sama kamu.;0.8488;0.3331;0.3646;0.4842
Emotional_First_Aid_Pertolongan_Pertama-1-22;grok;Aku kesepian, tapi susah ketemu orang baru. Ada saran?;Ketemu orang baru bisa terasa menantang, tapi ada banyak cara untuk mulai. Coba cari komunitas online yang sesuai sama minatmu, seperti grup pecinta film atau hobi masak. Kamu bisa mulai dengan ngomentarin postingan atau ikut diskusi kecil. Kalau lebih nyaman offline, coba ikut acara lokal, seperti workshop atau pameran. Langkah kecil ini bisa membuka pintu buat koneksi baru yang bikin kamu merasa lebih terhubung.;0.7071;0.3152;0.5251;0.182
Emotional_First_Aid_Pertolongan_Pertama-1-22;grok;Aku baru kehilangan seseorang yang penting, dan rasanya hancur. Apa yang bisa aku lakukan?;Aku turut sedih mendengar kehilanganmu, dan aku tahu ini pasti sangat berat. Rasanya seperti dunia ambruk, dan itu wajar. Coba cari cara yang nyaman buatmu untuk berduka, seperti menulis perasaanmu atau dengar musik yang menenangkan. Beri dirimu waktu untuk merasakan kesedihan, tapi kalau terasa terlalu berat, ceritain ke seseorang yang kamu percaya. Kamu nggak harus hadapi ini sendirian.;0.7548;0.2541;0.2456;0.5092
Emotional_First_Aid_Pertolongan_Pertama-1-22;grok;Sejak kehilangan seseorang, aku nggak bisa fokus sama apa-apa. Gimana cara keluar dari pikiran ini?;Kehilangan bisa bikin segalanya terasa macet, dan itu wajar. Coba mulai dengan rutinitas kecil, seperti jalan pagi atau buat teh hangat, untuk ngasih otakmu jeda dari pikiran berat. Kalau pikiranmu terus kembali ke kehilangan, coba alihkan dengan aktivitas yang menyerap perhatian, seperti menggambar atau nonton serial. Kalau masih sulit, ngobrol sama temen atau keluarga bisa bantu ringanin beban. Sedikit demi sedikit, kamu akan mulai bisa melangkah lagi.;0.8039;0.2125;0.459;0.3449
Emotional_First_Aid_Pertolongan_Pertama-1-22;grok;Setelah kehilangan seseorang, aku nggak tahu lagi siapa diriku. Gimana cara menemukan diriku lagi?;Kehilangan bisa bikin kamu merasa kehilangan bagian dari dirimu, dan itu pasti membingungkan. Coba luangin waktu buat kenal lagi sama dirimu sekarang—tulis apa yang masih kamu suka atau nilai dari dirimu, seperti kebaikan atau kreativitasmu. Lakukan juga sesuatu yang dulu bikin kamu bahagia, seperti menulis atau olahraga. Proses ini butuh waktu, tapi kamu akan perlahan menemukan kembali siapa kamu. Kamu lebih kuat dari yang kamu kira.;0.8786;0.2181;0.258;0.6207
Emotional_First_Aid_Pertolongan_Pertama-1-22;grok;Setelah kehilangan, aku sulit terhubung sama orang lain. Gimana cara membuka diri lagi?;Wajar kalau kamu merasa menutup diri setelah kehilangan—it’s like protecting yourself. Mulai dari langkah kecil, seperti kirim pesan ke temen buat nanya kabar. Nggak perlu cerita yang berat, cukup ngobrol ringan dulu. Kalau merasa siap, ajak seseorang buat ketemu, seperti ngopi bareng. Hubungan itu kayak tanaman—butuh sedikit usaha untuk tumbuh lagi, tapi kamu pasti bisa melakukannya perlahan.;0.7075;0.3659;0.4608;0.2466
Emotional_First_Aid_Pertolongan_Pertama-1-22;grok;Aku lagi berduka, tapi nggak tahu cara yang tepat buat ngelupain kesedihan. Ada saran?;Nggak ada cara yang ‘tepat’ buat berduka, karena setiap orang punya caranya sendiri. Coba cari apa yang bikin kamu merasa nyaman, seperti duduk di taman, dengar musik, atau nulis perasaanmu di jurnal. Biarkan dirimu merasakan kesedihan tanpa buru-buru ngelupainnya. Kalau merasa stuck, ceritain ke seseorang yang bisa dengerin tanpa menghakimi. Kamu berhak merasakan ini, dan kamu juga akan menemukan cara untuk melangkah lagi.;0.7962;0.288;0.2509;0.5452
Emotional_First_Aid_Pertolongan_Pertama-1-22;grok;Kehilangan bikin aku merasa nggak berharga. Gimana cara membangun rasa percaya diri lagi?;Kehilangan bisa bikin kamu merasa goyah, tapi kamu masih punya banyak nilai. Coba tulis tiga hal yang pernah bikin kamu bangga, seperti saat kamu membantu temen atau menyelesaikan sesuatu. Lakukan juga aktivitas yang bikin kamu merasa kompeten, seperti masak atau olahraga. Kalau bisa, ceritain perasaanmu ke seseorang yang suportif—kadang mereka bisa ngingetin kamu betapa hebatnya kamu. Sedikit demi sedikit, kamu akan merasa lebih kuat.;0.8504;0.2471;0.4421;0.4082
Emotional_First_Aid_Pertolongan_Pertama-1-22;grok;Aku masih nanya-nanya kenapa aku kehilangan seseorang. Gimana cara menerima kenyataan ini?;Pertanyaan ‘kenapa’ itu wajar banget, dan itu bagian dari proses menerima. Coba renungkan apa yang bisa kamu pelajari dari kehilangan ini—mungkin kekuatanmu, atau hal baik yang masih ada di hidupmu. Tulis pikiranmu di jurnal, atau ngobrol sama seseorang yang bisa dengerin. Proses ini nggak cepet, tapi dengan mencari makna, kamu akan perlahan bisa menerima dan menemukan harapan lagi.;0.8129;0.3647;0.2501;0.5628
Emotional_First_Aid_Pertolongan_Pertama-1-22;grok;Aku sering mikir ‘andai saja’ soal kehilangan yang aku alami. Gimana cara berhenti mikir gitu?;Pikiran ‘andai saja’ itu wajar, tapi bisa bikin kamu terjebak. Coba alihkan fokus ke apa yang bisa kamu kontrol sekarang. Tulis tiga hal yang masih bikin kamu bersyukur, seperti temen atau momen kecil yang bikin senyum. Kalau pikiran itu muncul, coba lakuin sesuatu yang menyerap perhatian, seperti nonton film atau jalan-jalan. Proses ini butuh waktu, tapi kamu akan perlahan bisa melihat ke depan.;0.9083;0.266;0.473;0.4353
Emotional_First_Aid_Pertolongan_Pertama-1-22;grok;Aku merasa bersalah banget atas sesuatu yang udah terjadi. Gimana cara ngatasin perasaan ini?;Rasa bersalah bisa terasa berat, kayak beban yang nggak hilang. Coba tanya ke diri sendiri, apa yang bikin kamu merasa bersalah, dan apakah kamu bisa melakukan sesuatu untuk memperbaikinya, seperti minta maaf atau lakuin kebaikan kecil. Kalau nggak bisa diubah, coba tulis perasaanmu di kertas, lalu ingatkan diri bahwa kamu manusia yang bisa salah. Ngobrol sama seseorang yang suportif juga bisa bantu ringanin beban. Kamu layak untuk memaafkan diri sendiri.;0.8643;0.1566;0.1883;0.676
Emotional_First_Aid_Pertolongan_Pertama-1-22;grok;Aku merasa bersalah, tapi pengen ubah perasaan ini jadi sesuatu yang positif. Gimana caranya?;Kamu hebat karena pengen mengubah rasa bersalah jadi sesuatu yang baik. Coba pikirkan apa yang bisa kamu pelajari dari situasi ini—mungkin cara memperbaiki hubungan atau jadi lebih baik ke orang lain. Kalau memungkinkan, lakuin tindakan kecil, seperti bantu seseorang atau minta maaf kalau perlu. Tulis juga apa yang kamu syukuri dari dirimu, biar kamu ingat bahwa kamu punya sisi baik. Langkah ini bisa bikin kamu merasa lebih ringan.;0.8273;0.1966;0.2362;0.591
Emotional_First_Aid_Pertolongan_Pertama-1-22;grok;Aku merasa bersalah sama seseorang, tapi takut ngomong. Apa yang bisa aku lakukan?;Takut ngomong itu wajar, apalagi kalau ada rasa bersalah. Coba mulai dengan langkah kecil, seperti kirim pesan sederhana untuk nanya kabar, biar hubungan kalian pelan-pelan pulih. Kalau merasa siap, ungkapkan perasaanmu dengan jujur, misalnya, ‘Aku nyesel soal yang dulu, aku pengen baikan.’ Kalau nggak memungkinkan, coba tulis surat yang nggak perlu dikirim, buat ngeluarin perasaanmu. Yang penting, kamu berusaha memperbaiki koneksi, dan itu udah langkah besar.;0.7207;0.2454;0.5222;0.1986
Emotional_First_Aid_Pertolongan_Pertama-1-22;grok;Aku takut mencoba lagi setelah ditolak berkali-kali. Gimana cara ngatasin ketakutan ini?;Ketakutan itu wajar setelah beberapa kali ditolak, tapi kamu bisa melatih diri untuk lebih berani. Coba mulai dengan langkah kecil, seperti ngobrol sama orang baru tanpa ekspektasi besar. Ingat bahwa penolakan nggak mendefinisikan nilai dirimu. Kalau takut, tulis alasan kenapa kamu pengen coba lagi, seperti pengen punya temen baru. Lakuin juga sesuatu yang bikin kamu percaya diri, seperti pakai baju favorit atau denger lagu penyemangat. Kamu lebih berani dari yang kamu kira.;0.9425;0.2058;0.2206;0.7218
Emotional_First_Aid_Pertolongan_Pertama-1-22;grok;Aku selalu ngerasa gagal setelah ditolak. Gimana caranya berhenti ngerasa gitu?;Perasaan gagal itu bisa bikin down, ya. Coba ambil kertas dan tulis pikiran negatif yang muncul, seperti ‘Aku selalu gagal.’ Lalu, lawan dengan fakta, misalnya ‘Aku pernah berhasil di pekerjaan atau pertemanan.’ Ini membantu kamu lihat dirimu lebih jernih. Kalau masih susah, coba ceritain ke temen yang suportif—mereka sering bisa ngingetin kelebihanmu. Lakuin juga sesuatu yang bikin kamu bangga, seperti selesain tugas kecil. Kamu punya banyak hal hebat, kok.;0.8469;0.2153;0.3551;0.4918
Emotional_First_Aid_Pertolongan_Pertama-1-22;grok;Aku merasa down setelah ditolak, tapi nggak tahu cara minta bantuan. Gimana caranya?;Minta bantuan emang nggak gampang, tapi kamu nggak harus cerita semuanya. Coba hubungi temen atau keluarga yang bikin kamu nyaman, lalu ajak ngobrol tentang apa aja—misalnya, tanya film apa yang seru. Kalau merasa siap, bilang aja, ‘Aku lagi nggak enak hati, boleh ngobrol?’ Orang yang peduli pasti seneng dengerin. Kalau nggak punya siapa-siapa, coba ikut grup online yang sesuai minatmu. Koneksi kecil bisa bikin kamu merasa lebih kuat.;0.8404;0.1953;0.5892;0.2512
Emotional_First_Aid_Pertolongan_Pertama-1-22;grok;Aku merasa kesepian meski punya temen. Gimana cara bikin hubungan yang lebih erat?;Kesepian meski punya temen itu bisa terjadi kalau hubungannya belum terasa mendalam. Coba pilih satu temen yang kamu percaya, lalu ajak ngobrol tentang sesuatu yang lebih personal, seperti harapan atau ketakutanmu. Nggak harus langsung berat—mulai dari cerita kecil aja. Kalau suka, ajak mereka lakuin sesuatu bareng, seperti main game atau jalan-jalan. Hubungan yang erat butuh waktu, tapi langkah kecil ini bisa bikin kalian lebih dekat.;0.784;0.2497;0.5089;0.2751
Emotional_First_Aid_Pertolongan_Pertama-1-22;grok;Aku udah lama merasa kesepian, dan takut ini nggak akan berubah. Apa yang bisa aku coba?;Aku tahu rasanya berat kalau kesepian udah lama nempel. Tapi kamu bisa mulai ubah ini dengan langkah kecil. Coba cari satu kegiatan yang bikin kamu senang, seperti ikut kelas online atau komunitas hobi, untuk ketemu orang baru. Kalau nggak nyaman ketemu orang, mulai dari ngobrol sama orang di sekitar, seperti tetangga atau kasir. Bahkan interaksi kecil bisa bikin perubahan. Kamu nggak sendirian, dan setiap langkah kecil itu berarti.;0.8881;0.1944;0.7092;0.1789
Emotional_First_Aid_Pertolongan_Pertama-1-22;grok;Aku sering ngerasa buruk tentang diri sendiri saat kesepian. Gimana cara berhenti ngerasa gitu?;Kritik diri sendiri bisa bikin kita tambah tenggelam, ya. Coba tulis pikiran negatif yang muncul, seperti ‘Aku nggak asyik,’ lalu cari fakta yang melawan, misalnya ‘Aku pernah bikin temen ketawa.’ Ini membantu kamu lihat dirimu lebih adil. Kalau bisa, lakuin sesuatu yang bikin kamu merasa bangga, seperti selesain tugas atau bantu orang lain. Ceritain juga perasaanmu ke seseorang yang suportif—mereka bisa bantu ngingetin bahwa kamu berharga.;0.7551;0.2864;0.3085;0.4466
Emotional_First_Aid_Pertolongan_Pertama-1-22;grok;Aku pengen gaul, tapi selalu ngerasa takut atau nggak nyaman. Gimana cara ngatasin ini?;Takut atau nggak nyaman itu wajar, tapi kamu bisa melatih diri untuk lebih terbuka. Coba pikir, apa yang bikin kamu ngerem—mungkin takut dihakimi? Setelah tahu, mulai dari langkah kecil, seperti senyum ke orang di sekitar atau ngobrol sebentar sama temen. Kalau lebih nyaman online, ikut forum tentang minatmu, seperti musik atau game. Setiap kali kamu coba, kamu jadi lebih kuat. Kamu pasti bisa, pelan-pelan aja.;0.7782;0.1859;0.5297;0.2485
Emotional_First_Aid_Pertolongan_Pertama-1-22;grok;Aku sering terjebak di pikiranku sendiri dan susah connect sama orang lain. Gimana caranya keluar dari situ?;Terjebak di pikiran sendiri bisa bikin kita ngerasa jauh dari orang lain. Coba fokus ke orang di depanmu—misalnya, kalau lagi ngobrol, dengerin bener-bener apa yang mereka bilang, dan tanyain sesuatu tentang ceritanya. Ini bikin kamu lebih hadir. Kalau pikiranmu mulai lari, tarik napas dalam-dalam, lalu alihkan perhatian ke sekitar, seperti suara atau pemandangan. Latihan kecil ini bisa bantu kamu lebih terhubung sama orang lain.;0.804;0.2227;0.459;0.345
Emotional_First_Aid_Pertolongan_Pertama-1-22;grok;Aku pengen lebih peduli sama temen, tapi bingung caranya. Ada tips?;Keinginanmu untuk lebih peduli udah langkah besar. Coba dengarkan temenmu dengan penuh perhatian, dan bayangin gimana rasanya jadi mereka—misalnya, kalau mereka cerita tentang hari yang buruk, pikirkan apa yang kamu rasain kalau di posisi itu. Tanyain sesuatu yang nunjukin kamu peduli, seperti ‘Kamu baik-baik aja nggak?’ atau ‘Pengen cerita lebih?’ Gestur kecil ini bikin mereka merasa dihargai, dan hubungan kalian bisa lebih erat.;0.797;0.3797;0.2568;0.5402
Emotional_First_Aid_Pertolongan_Pertama-1-22;grok;Aku kesepian dan pengen ketemu orang baru, tapi nggak tahu mulai dari mana. Ada ide?;Ketemu orang baru bisa jadi cara hebat buat ngurangin kesepian. Coba ikut kegiatan sukarela, seperti bantu acara komunitas atau donasi buku. Ini bikin kamu ketemu orang yang punya nilai sama, dan obrolan bisa mengalir alami. Kalau lebih suka online, cari grup tentang hobi yang kamu suka, seperti fotografi atau masak, dan mulai ikut diskusi. Setiap interaksi kecil, bahkan cuma senyum ke orang, bisa bikin kamu merasa lebih terhubung.;0.8629;0.2059;0.3462;0.5167
Emotional_First_Aid_Pertolongan_Pertama-1-22;grok;Aku merasa hancur setelah kehilangan seseorang. Gimana cara mulai pulih?;Aku tahu kehilangan itu rasanya kayak nggak ada harapan, dan itu wajar banget. Coba cari satu hal kecil yang bikin kamu nyaman, seperti duduk di tempat favorit atau dengar lagu yang menenangkan. Beri dirimu izin buat bersedih, tapi coba juga lakuin rutinitas sederhana, seperti makan teratur atau jalan pagi. Kalau merasa berat, ceritain ke seseorang yang bisa dengerin. Pulih itu butuh waktu, tapi kamu nggak sendirian di perjalanan ini.;0.8125;0.2311;0.3312;0.4813
Emotional_First_Aid_Pertolongan_Pertama-1-22;grok;Setelah kehilangan, aku ngerasa dunia nggak adil. Gimana cara ngatasin pandangan ini?;Kehilangan bisa bikin kita ngerasa dunia berubah, dan itu wajar. Coba cari momen kecil yang masih bikin kamu bersyukur, seperti matahari pagi atau obrolan sama temen. Tulis tiga hal baik yang terjadi dalam seminggu, sekecil apa pun. Kalau pikiran negatif muncul, coba alihkan dengan aktivitas yang bikin fokus, seperti membaca atau masak. Proses ini nggak instan, tapi perlahan kamu akan mulai lihat sisi terang lagi.;0.8582;0.3401;0.3051;0.5531
Emotional_First_Aid_Pertolongan_Pertama-1-22;grok;Aku lagi sedih banget karena kehilangan, tapi nggak tahu cara nenangin diri. Apa yang bisa dicoba?;Sedih itu wajar, dan kamu berhak merasakannya. Coba cari cara yang bikin kamu merasa aman, seperti peluk bantal, dengar musik pelan, atau nulis apa yang ada di hati. Nggak perlu buru-buru ‘sembuh’—fokus aja ke apa yang bikin kamu tenang saat ini. Kalau suka, coba jalan-jalan di alam atau buat teh hangat. Kalau masih berat, ceritain ke seseorang yang suportif. Kamu nggak harus hadapi ini sendirian.;0.8398;0.1996;0.5435;0.2963
Emotional_First_Aid_Pertolongan_Pertama-1-22;grok;Aku merasa lemah setelah kehilangan. Gimana cara nemuin kekuatan diriku lagi?;Kehilangan bisa bikin kamu ngerasa rapuh, tapi kekuatanmu masih ada di dalam. Coba ingat satu momen ketika kamu merasa bangga, seperti saat kamu bantu orang atau selesain sesuatu. Tulis tiga kualitas dirimu yang kamu suka, seperti sabar atau kreatif. Lakuin juga sesuatu yang bikin kamu merasa hidup, seperti olahraga atau nyanyi. Proses ini butuh waktu, tapi setiap langkah kecil bikin kamu lebih dekat ke versi terbaik dirimu.;0.9378;0.2623;0.2227;0.7151
Emotional_First_Aid_Pertolongan_Pertama-1-22;grok;Aku pengen nerima kehilangan yang aku alami, tapi susah. Gimana caranya?;Menerima kehilangan emang nggak gampang, tapi kamu udah berusaha, dan itu hebat. Coba renungkan apa yang kehilangan ini ajarkan ke kamu—mungkin tentang ketahananmu atau hal baik yang masih ada. Tulis pikiranmu di jurnal, atau ngobrol sama seseorang yang bisa dengerin. Tanyain ke diri sendiri, ‘Apa yang bisa aku lakuin sekarang buat hidup lebih baik?’ Proses ini akan membantu kamu perlahan menemukan kedamaian.;0.9166;0.3613;0.2341;0.6825
Emotional_First_Aid_Pertolongan_Pertama-1-22;grok;Aku merasa bersalah karena udah nyakitin temen. Gimana cara memperbaiki hubungan ini?;Rasa bersalah itu nunjukin kamu peduli sama hubunganmu, dan itu langkah awal yang baik. Coba mulai dengan gestur kecil, seperti kirim pesan buat nanya kabar. Kalau merasa siap, ungkapin perasaanmu dengan jujur, misalnya, ‘Aku nyesel banget soal yang dulu, aku pengen baikan.’ Dengerin juga apa yang temenmu rasain. Kalau mereka butuh waktu, hargain itu. Yang penting, kamu berusaha, dan itu udah berarti banyak.;0.8096;0.2234;0.637;0.1726
Emotional_First_Aid_Pertolongan_Pertama-1-22;grok;Aku stuck di rasa bersalah atas kesalahan masa lalu. Gimana cara move on?;Rasa bersalah bisa bikin kita terjebak, tapi kamu bisa lepas dari situ. Coba tanya ke diri sendiri, apa yang bisa kamu lakuin sekarang—mungkin minta maaf atau lakuin kebaikan buat orang lain. Kalau nggak bisa diubah, tulis apa yang kamu rasain di kertas, lalu robek sebagai simbol melepaskan. Ingatkan diri bahwa kamu manusia yang boleh salah. Kalau masih berat, ceritain ke seseorang yang suportif—kamu layak untuk memaafkan diri sendiri.;0.8699;0.1339;0.5409;0.329
Emotional_First_Aid_Pertolongan_Pertama-23-45;gpt;Bagaimana cara berhenti menyalahkan diri sendiri atas semua hal?;"Mulailah memetakan fakta: apa yang benar-benar di bawah kendalimu dan apa yang tidak. Tanggung jawab realistis membuatmu bisa berkata, ""Ini porsiku, sisanya bukan,"" lalu lepaskan beban ekstra itu. Setelah itu beri dirimu afirmasi bahwa manusia wajar berbuat salah. Pendekatan ini sejalan dengan konsep self-compassion dari Kristin Neff.";0.7434;0.407;0.1894;0.5541
Emotional_First_Aid_Pertolongan_Pertama-23-45;gpt;Kenapa, ya, aku jadi menjauh dari teman setelah melakukan kesalahan?;Perasaan bersalah yang belum diproses menimbulkan kecemasan setiap kali bertemu mereka, sehingga otakmu memilih menghindar demi rasa aman semu. Akui kesalahanmu secara terbuka, sampaikan maaf yang tulus, lalu ajak mereka menyusun langkah perbaikan bersama agar koneksi pulih.;0.8259;0.2097;0.1953;0.6306
Emotional_First_Aid_Pertolongan_Pertama-23-45;gpt;Seperti apa contoh permintaan maaf yang efektif?;"Pertama, rangkum inti peristiwa: ""Aku sadar kemarin membatalkan janji tanpa kabar."" Kedua, ucapkan maaf spesifik: ""Maaf sudah membuatmu menunggu."" Ketiga, komitmen: ""Mulai sekarang aku akan selalu mengabari setidaknya sehari sebelumnya."" Tambahkan tindakan nyata—misalnya menandai kalender bersama. Formula ini dipopulerkan Guy Winch.";0.7999;0.7264;0.2728;0.527
Emotional_First_Aid_Pertolongan_Pertama-23-45;gpt;Kenapa aku perlu memaafkan diriku sebelum orang lain?;Self-forgiveness memutus siklus rasa bersalah internal yang menyabotase kepercayaan dirimu. Setelah mengampuni diri, kamu lebih tenang sehingga permintaan maaf eksternal terdengar tulus. Robert Enright, pelopor terapi pengampunan, menekankan bahwa maaf pada diri sendiri meningkatkan regulasi emosi.;0.5394;0.6818;0.2204;0.319
Emotional_First_Aid_Pertolongan_Pertama-23-45;gpt;Langkah pertama menata ulang hidup setelah kesalahan apa?;Mulailah dari hal simpel: tidur cukup, rutinitas harian yang teratur, dan satu tujuan kecil yang bisa kamu capai minggu ini. Perubahan kecil memberi sinyal pada otak bahwa kamu bergerak maju, sehingga rasa bersalah makin mengecil.;0.8224;0.2466;0.3153;0.5071
Emotional_First_Aid_Pertolongan_Pertama-23-45;gpt;Apa sebenarnya rumination itu?;"Rumination adalah kebiasaan ""mengunyah"" pikiran yang sama berulang-ulang sampai menimbulkan stres tambahan—seperti menonton ulang film sedih tanpa tombol berhenti. George Slavich menyebutnya cognitive looping yang menghambat informasi baru masuk.";0.7313;0.9147;0.1553;0.576
Emotional_First_Aid_Pertolongan_Pertama-23-45;gpt;Mengapa memikirkannya terus malah bikin sedih makin berat?;"Setiap kali memori negatif diputar, jalur emosi di otak diaktifkan lagi; kortisol naik, mood merosot. Hentikan dengan teknik grounding—ajak pancaindra merasakan hal di sekitar agar jalur baru terbentuk.";0.82;0.315;0.1582;0.6618
Emotional_First_Aid_Pertolongan_Pertama-23-45;gpt;Bagaimana caranya melihat masalah dari sudut pandang lain?;Tulis masalah di kertas, lalu pura-pura kamu adalah sahabatmu yang memberi nasihat. Jarak psikologis kecil ini membantu prefrontal cortex menilai lebih objektif, demikian menurut Ethan Kross.;0.5165;0.9228;0.3044;0.2121
Emotional_First_Aid_Pertolongan_Pertama-23-45;gpt;Apa itu memvalidasi pikiran sendiri?;"Cek data yang mendukung dan yang menolak keyakinanmu. Jika kalimat ""Aku pasti gagal"" tidak punya bukti kuat, ubah jadi versi lebih realistis. Latihan ini menyehatkan dialog internal.";0.8038;0.2718;0.1929;0.6109
Emotional_First_Aid_Pertolongan_Pertama-23-45;gpt;Apakah distraksi berarti lari dari masalah?;Bukan. Distraksi adalah jeda terencana agar emosimu reda sebelum analisis rasional dilakukan—ibarat menepi saat rem mobil panas lalu berkendara lagi ketika aman.;0.7952;0.308;0.2887;0.5065
Emotional_First_Aid_Pertolongan_Pertama-23-45;gpt;Bagaimana tetap dekat dengan teman ketika pikiranku penuh masalah?;Jadwalkan quality time singkat tanpa membahas masalahmu. Fokus mendengar kabar mereka selama 15 menit. Aktivitas ini memecah pola pikir berulang dan menjaga ikatan sosial.;0.6042;0.4282;0.2148;0.3894
Emotional_First_Aid_Pertolongan_Pertama-23-45;gpt;Kenapa aku mudah marah saat overthinking?;"Emosi negatifmu sudah ""dipompa"" sebelumnya; sedikit pemicu langsung menyala. Cobalah teknik napas 4-7-8 untuk menurunkan respons fisiologis marah dengan cepat.";0.5724;0.5722;0.2738;0.2986
Emotional_First_Aid_Pertolongan_Pertama-23-45;gpt;Contoh reframe kemarahan ketika proyek gagal apa?;"Alih-alih berpikir ""Timku tidak becus"", coba ""Kita semua masih belajar—apa yang bisa ditingkatkan?"". Pergeseran fokus dari menyalahkan ke perbaikan menurunkan tensi konflik.";0.8505;0.2271;0.1624;0.688
Emotional_First_Aid_Pertolongan_Pertama-23-45;gpt;Bagaimana tidak melampiaskan stres ke teman?;Buat aturan: saat emosi di atas 7/10, tunda obrolan penting. Tuliskan dulu perasaan di jurnal, baru hubungi teman. Cara ini menurunkan risiko kata-kata impulsif.;0.8066;0.2543;0.2347;0.5719
Emotional_First_Aid_Pertolongan_Pertama-23-45;gpt;Kenapa kegagalan terasa seperti penyakit emosional?;"Kegagalan mengganggu self-esteem, mirip flu yang melemahkan imunitas fisik. Tanpa perawatan (dukungan dan rencana baru), ia bisa berkembang jadi ""pneumonia"" psikis berupa keputusasaan.";0.7892;0.2836;0.3773;0.4118
Emotional_First_Aid_Pertolongan_Pertama-23-45;gpt;Bagaimana membangun kembali harga diri setelah gagal?;Mulai dari kemenangan mikro—tugas 5-10 menit tiap hari. Albert Bandura menyebutnya mastery experience yang perlahan memperbaiki citra diri.;0.542;0.5203;0.3306;0.2114
Emotional_First_Aid_Pertolongan_Pertama-23-45;gpt;Kenapa aku malas mencoba lagi setelah jatuh?;"Kegagalan menciptakan ilusi ""hasilnya pasti sama"". Tulis dua alternatif strategi konkret; fakta baru ini mematahkan ilusi dan memancing aksi.";0.9059;0.2215;0.1796;0.7263
Emotional_First_Aid_Pertolongan_Pertama-23-45;gpt;Bagaimana cara efektif meminta bantuan?;"Ungkap kebutuhan spesifik: ""Aku butuh teman brainstorming 30 menit soal rencana ulang."" Riset Heidi Grant Halvorson menunjukkan permintaan rinci lebih sering dipenuhi.";0.7883;0.3623;0.3087;0.4797
Emotional_First_Aid_Pertolongan_Pertama-23-45;gpt;Apa saja contoh faktor yang bisa kukendalikan?;Jumlah waktu belajar harian, mentor yang dihubungi, dan target mingguan—semua di tanganmu. Mengutak-atik hal ini lebih efektif ketimbang meratapi penilaian orang.;0.8753;0.1878;0.1391;0.7362
Emotional_First_Aid_Pertolongan_Pertama-23-45;gpt;Bagaimana memecah tujuan besar agar realistis?;Gunakan metode SMART-ER (Specific, Measurable, Achievable, Relevant, Time-bound, Evaluated, Rewarded). Setiap sub-target punya tenggat dan hadiah kecil ketika tercapai.;0.714;0.4069;0.256;0.4579
Emotional_First_Aid_Pertolongan_Pertama-23-45;gpt;Kenapa tertawa membantu setelah gagal?;Tawa menurunkan hormon stres dan mengaktifkan sistem dopamin reward. Viktor Frankl bahkan memasukkan humor sebagai strategi bertahan mental.;0.5051;0.8683;0.3187;0.1864
Emotional_First_Aid_Pertolongan_Pertama-23-45;gpt;Latihan praktis apa untuk mengalihkan tekanan?;Coba teknik 5-4-3-2-1: sebut 5 hal yang terlihat, 4 yang dirasa, 3 yang didengar, 2 yang tercium, 1 sensasi di tubuh. Fokus bergeser dari evaluasi diri ke pengalaman indrawi.;0.6972;0.4866;0.2038;0.4934
Emotional_First_Aid_Pertolongan_Pertama-23-45;gpt;Bagaimana medsos merusak kepercayaan diri?;Feed penuh highlight hidup orang lain memicu social comparison—teori Leon Festinger—membuatmu menilai diri dengan standar tak realistis. Batasi waktu scroll atau kurasi akun yang sehat.;0.825;0.3403;0.1617;0.6633
Emotional_First_Aid_Pertolongan_Pertama-23-45;gpt;Tips menanggapi kritik tanpa baper?;"Pisahkan pesan dan nada. Ambil inti yang berguna, abaikan sisanya. Ucap ""terima kasih masukannya"", lalu cek relevansinya. Teknik ini disebut decentering dalam Cognitive Behavioral Therapy.";0.4028;0.6211;0.6619;-0.2591
Emotional_First_Aid_Pertolongan_Pertama-23-45;gpt;Bagaimana menikmati pujian tanpa jadi sombong?;"Terima dengan kalimat sederhana ""Terima kasih, aku menghargainya."" Akui kontribusi orang lain jika ada. Ini menjaga keseimbangan apresiasi–kerendahan hati.";0.8474;0.1428;0.2047;0.6427
Emotional_First_Aid_Pertolongan_Pertama-23-45;gpt;Langkah awal supaya merasa lebih berdaya apa?;"Buat ""daftar keberanian""—tiga situasi kecil di mana kamu akan berkata ""tidak"" minggu ini. Praktik kecil melatih otot asertivitas.";0.8455;0.1882;0.2017;0.6438
Emotional_First_Aid_Pertolongan_Pertama-23-45;gpt;Contoh kalimat asertif saat menolak ajakan?;"""Terima kasih sudah mengajak, tapi aku perlu istirahat malam ini."" Singkat, jelas, sopan, tanpa alasan bertele-tele.";0.8133;0.2653;0.3334;0.4799
Emotional_First_Aid_Pertolongan_Pertama-23-45;gpt;Latihan apa yang efektif meningkatkan self-control?;Meditasi mindfulness 10 menit per hari terbukti mempertebal gray matter di prefrontal cortex, menurut penelitian Sara Lazar.;0.3021;0.8378;0.1701;0.132
Emotional_First_Aid_Pertolongan_Pertama-23-45;gpt;Kenapa bahaya mendiagnosis diri lewat internet?;Kita cenderung menemukan apa yang ingin kita temukan (confirmation bias). Salah diagnosis membuat strategi penanganan keliru dan menunda pertolongan profesional.;0.8128;0.3124;0.2111;0.6017
Emotional_First_Aid_Pertolongan_Pertama-23-45;gpt;Bagaimana caranya meminta validasi profesional?;Catat gejala, durasi, dan pemicu sebelum konsultasi. Informasi terstruktur memudahkan psikolog menilai secara akurat.;0.7607;0.4084;0.2199;0.5408
Emotional_First_Aid_Pertolongan_Pertama-23-45;gpt;Apa langkah pertama saat semuanya terasa terlalu berat?;"Tarik napas dalam, akui ""Aku memang kewalahan"", lalu pilih satu tugas paling kecil untuk diselesaikan. Kejelasan satu langkah mengurangi rasa chaos.";0.7562;0.2191;0.249;0.5072
Emotional_First_Aid_Pertolongan_Pertama-23-45;gpt;Tanda-tanda aku butuh konseling?;Jika gangguan tidur, makan, atau fungsi harian bertahan lebih dari dua minggu, itu sinyal kuat mencari bantuan, menurut pedoman DSM-5.;0.5439;0.6525;0.4282;0.1157
Emotional_First_Aid_Pertolongan_Pertama-23-45;gpt;Bagaimana bedakan curhat tulus dan sekadar cari perhatian?;Fokus pada tujuan: bila ingin didengar dan mencari solusi, itu valid. Jika hanya mengulang cerita tanpa keinginan berubah, pertimbangkan berbicara dengan profesional.;0.7077;0.4048;0.3382;0.3695
Emotional_First_Aid_Pertolongan_Pertama-23-45;gpt;Cara tetap humble tapi percaya diri?;Rayakan kemajuan, bukan hanya hasil akhir. Sadar bahwa keberhasilan adalah kombinasi usaha diri dan dukungan lingkungan—pesan yang sering diangkat Michael Sandel.;0.6467;0.4557;0.3607;0.286
Emotional_First_Aid_Pertolongan_Pertama-23-45;gpt;Bagaimana menjadikan kegagalan sebagai guru?;Setelah gagal, tulis maksimal tiga pelajaran penting. Kebiasaan reflection log membuat otak mengaitkan kegagalan dengan pembelajaran, bukan rasa malu.;0.7994;0.2953;0.3289;0.4705
Emotional_First_Aid_Pertolongan_Pertama-23-45;gpt;Mengapa sukses tidak selalu wajib?;Tujuan hidup bisa berupa pertumbuhan, relasi, dan kontribusi—tak selalu terwakili angka sukses konvensional. Carol Dweck menekankan pentingnya growth mindset.;0.482;0.8455;0.2679;0.2141
Emotional_First_Aid_Pertolongan_Pertama-23-45;gpt;Kenapa sukses terasa lebih nikmat setelah jatuh?;Kontras pengalaman memicu pelepasan dopamin lebih besar saat target tercapai, membuat kemenangan terasa benar-benar earned.;0.808;0.2456;0.1742;0.6338
Emotional_First_Aid_Pertolongan_Pertama-23-45;gpt;Bagaimana langkah pertama berbelas kasih pada diri?;Gunakan tiga komponen Kristin Neff: mindfulness (sadari rasa sakit), common humanity (ingat orang lain juga pernah gagal), dan kindness (beri kata-kata lembut). Lima menit latihan sudah cukup.;0.6776;0.3144;0.3;0.3776
Emotional_First_Aid_Pertolongan_Pertama-23-45;gpt;Apa tanda bandwidth kognitifku tersedot rumination?;Kamu membaca satu halaman buku tapi tak ingat isinya, atau sering lupa menaruh barang. Itu sinyal pikiran repetitif mengambil ruang fokus.;0.9422;0.2407;0.1563;0.7859
Emotional_First_Aid_Pertolongan_Pertama-23-45;gpt;"Bagaimana keluar dari ""kotak tak terlihat"" setelah gagal?";Ubah lingkungan kecil—coba workspace baru atau temui mentor berbeda. Stimulus baru memicu ide segar dan membantu membongkar kotak mental.;0.8085;0.301;0.1919;0.6166
Emotional_First_Aid_Pertolongan_Pertama-23-45;gpt;Bagaimana menghentikan drama internal?;"Coba ""time-box worry"": beri 10 menit khusus untuk khawatir, lalu alihkan diri ke aktivitas fisik. Batas waktu membuat pikiran tak terus melebar.";0.7263;0.2806;0.316;0.4103
Emotional_First_Aid_Pertolongan_Pertama-23-45;gpt;Cara minta maaf ke teman yang sudah lama diabaikan?;Kirim pesan lebih dulu mengakui jarak, ajak bertemu, lalu gunakan formula maaf tiga langkah—ringkas peristiwa, ucap maaf tulus, dan tawarkan komitmen perubahan.;0.7812;0.2923;0.1999;0.5812
Emotional_First_Aid_Pertolongan_Pertama-23-45;gpt;Kenapa self-esteem disebut pusat pertahanan emosional?;"Persepsi dirimu menentukan cara menilai ancaman psikologis. Self-esteem kuat ibarat antibodi; self-esteem lemah membuat stres gampang ""menginfeksi"", jelas Roy Baumeister.";0.5415;0.6735;0.3506;0.1909
Emotional_First_Aid_Pertolongan_Pertama-23-45;gpt;Apa manfaat menunjukkan diri berharga ke publik?;Orang lain akan menyesuaikan caranya memperlakukanmu. Konsistensi menghargai diri membuat batasanmu lebih dihormati.;0.8238;0.2502;0.2768;0.547
Emotional_First_Aid_Pertolongan_Pertama-23-45;gpt;Bagaimana melihat pujian tanpa beban performa?;Sadari bahwa pujian kadang merefleksikan kebutuhan pemberi untuk mengekspresikan apresiasi. Dengan memahami ini, kamu menerima pujian tanpa terjebak perfeksionisme.;0.8044;0.2395;0.2308;0.5736
Emotional_First_Aid_Pertolongan_Pertama-23-45;gpt;Bagaimana merespons pujian yang terasa lebay?;"Balas, ""Senang itu bermanfaat buatmu, terima kasih,"" lalu alihkan percakapan ke proses, bukan sosokmu. Cara ini meredam rasa canggung.";0.8802;0.2449;0.2099;0.6703
Emotional_First_Aid_Pertolongan_Pertama-23-45;gpt;Bagaimana belajar kendali diri dari orang lain?;Cari role model yang pernah menghadapi situasi serupa, pelajari strateginya, lalu adaptasi. Observational learning ala Albert Bandura efektif dan hemat waktu.;0.6182;0.4533;0.2377;0.3804
Emotional_First_Aid_Pertolongan_Pertama-23-45;gpt;Kenapa penting memasang deadline konkret?;"Deadline mengaktifkan sense of urgency tanpa panik. Hukum Parkinson mengatakan pekerjaan mengembang sesuai waktu tersedia; tenggat mencegah itu.";0.5927;0.5055;0.4611;0.1316
Emotional_First_Aid_Pertolongan_Pertama-23-45;gpt;"Bagaimana menyiapkan ""plan B""?";Sebelum mulai, tulis potensi hambatan—misalnya kehabisan dana—dan skenario solusi. Mental rehearsal ini menurunkan kecemasan, kata Gabriele Oettingen.;0.6181;0.6632;0.3844;0.2336
Emotional_First_Aid_Pertolongan_Pertama-23-45;gpt;Mengapa mengambil tanggung jawab membantu pulih dari kegagalan?;Tanggung jawab memulihkan rasa kontrol. Ketika merasa memegang kendali, otak berhenti memposisikan diri sebagai korban dan mulai merancang aksi baru.;0.7537;0.2879;0.3224;0.4312
