folder,page_range,question_id,question_id_original,question_en,answer_id_original,answer_en,score_5,score_01,feedback,is_hallucinated,source_file
D17-Dampak Gadget,1-19,1,"Aku merasa mataku sering lelah akhir-akhir ini, apa karena aku terlalu lama main gadget ya?","I feel like my eyes are tired a lot lately, is it because I've been playing gadgets for too long?","Bisa jadi, lho. Penggunaan gadget yang berlebihan memang sering bikin mata lelah, bahkan bisa menyebabkan gangguan penglihatan. Coba kurangi waktu layar, misalnya istirahat setiap 20 menit dan lihat jauh-jauh. Kamu biasa main gadget berapa jam sehari?","It may be, you know, that excessive use of gadgets often makes the eyes tired, even causing visual impairment.Try to reduce screen time, for example, taking a break every 20 minutes and looking far away.",4,0.75,"(Chunk 1) The response provided is mostly consistent with the context of the query, which is about the potential negative effects of gadget use on children and adolescents. The response correctly identifies the issue of eye fatigue and suggests practical steps to mitigate this, such as taking breaks and looking far away. However, the response could have been more comprehensive by mentioning the broader implications of gadget use on children's health and well-being, as well as the importance of digital literacy and supervision by parents. The response also lacks specific references to the literature review, which could have strengthened the argument and provided a more robust basis for the advice given. Despite these shortcomings, the response does not contain any severe hallucinations or inaccurate information that deviates from the context. Therefore, based on the score rubric, the response is mostly consistent with the context and contains minor hallucinations or slightly inaccurate interpretations.",False,D17_GROK_DampakGadget1-19_23.json
D17-Dampak Gadget,1-19,2,"Anakku kok susah banget lepas dari gadget, apa ini wajar?","My son is having a hard time getting rid of the gadget, is this normal?","Hmm, itu sebenarnya nggak terlalu wajar kalau sampai susah lepas, apalagi kalau udah mengganggu aktivitas lain. Penggunaan gadget yang nggak terkontrol bisa bikin anak ketergantungan, bahkan memengaruhi kesehatan mental dan sosialnya. Mungkin coba atur batas waktu penggunaan gadget dan ajak dia main di luar atau ngobrol bareng keluarga.","Hmm, that's actually not very natural to get away with, especially if it's interfering with other activities.Using uncontrolled gadgets can make a child addicted, even affecting his mental and social health.Maybe try setting a time limit for using gadgets and taking him out to play or chatting with family.",5,1.0,"(Chunk 1) The response provided does not contain any hallucinated or inaccurate information that deviates from the provided document context. It stays on topic and provides relevant information from the context. The response directly addresses the user's query about the child's difficulty in getting rid of the gadget, and it suggests practical solutions such as setting a time limit and encouraging physical activities. The response also acknowledges the potential negative effects of gadget use on children's mental and social health, which is consistent with the context of the document. Therefore, the response is completely faithful to the context with no hallucinations, and all information is accurately derived from the document.",False,D17_GROK_DampakGadget1-19_23.json
D17-Dampak Gadget,1-19,3,"Aku suka main game di HP sampai lupa waktu, apa itu bahaya?","I like playing games on HP until I forget how long it takes, is that dangerous?","Wah, kalau sampai lupa waktu, itu bisa jadi sinyal buat lebih hati-hati. Main game berlebihan bisa bikin stres, kurang tidur, bahkan ganggu kesehatan fisik seperti sakit punggung atau obesitas. Coba atur jadwal, misalnya main cuma 1-2 jam sehari, dan sisihkan waktu buat aktivitas lain yang bikin kamu happy.","Excessive play can lead to stress, lack of sleep, and even physical health disorders such as back pain or obesity.Try to set a schedule, such as playing just 1-2 hours a day, and set aside time for other activities that make you happy.",4,0.75,"(Chunk 1) The response provided is mostly consistent with the context of the provided document. It correctly identifies the potential negative effects of excessive gadget use, such as stress, lack of sleep, and physical health disorders. However, it slightly deviates from the context by not mentioning the specific health disorders that were identified in the study, such as vision impairments and emotional disorders. Additionally, the response could have been more detailed in explaining the importance of prevention and the role of family and school in minimizing health risks due to gadgets. The response also lacks the specificity of the research findings and the methodology used in the study, which were mentioned in the context. Therefore, while the response is mostly accurate and relevant, it contains minor hallucinations and slightly inaccurate interpretations. So the overall score is 4.",False,D17_GROK_DampakGadget1-19_23.json
D17-Dampak Gadget,1-19,4,"Aku merasa cemas kalau nggak pegang HP, ini kenapa ya?","I'm worried about not having an HP, why is this?","Itu bisa jadi tanda ketergantungan pada gadget, lho. Penggunaan gadget yang berlebihan memang bisa memicu kecemasan atau perilaku impulsif. Coba mulai dengan ninggalin HP di tempat tertentu pas lagi nggak perlu, misalnya saat makan atau sebelum tidur, biar kamu lebih rileks.","Excessive use of gadgets can trigger anxiety or impulsive behavior.Try to start by leaving your HP in a certain place when it is no longer necessary, such as at dinner or before bedtime, so that you can relax.",3,0.5,"(Chunk 1) The response provided is not entirely consistent with the context of the provided document. It suggests a specific action (leaving the HP in a certain place) which is not directly related to the broader context of the study, which is about the impact of gadgets on children and adolescents. The response also lacks the depth and detail that the context requires, such as the specific health disorders that can arise from gadget use, which are mentioned in the document. Furthermore, the response does not provide any references to the literature review, which is a key component of the study. The response also fails to mention the importance of prevention and the role of family and school in minimizing health risks due to gadgets, which are central themes of the study. Therefore, the response contains moderate hallucinations with some information that doesn't align with the context or includes inappropriate generalizations.",False,D17_GROK_DampakGadget1-19_23.json
D17-Dampak Gadget,1-19,5,"Anakku jadi jarang ngobrol sama temennya gara-gara asik sama gadget, apa yang harus aku lakukan?","My son is so seldom talking to his friend because of the same gadget, what should I do?","Sayang banget kalau interaksi sosialnya terganggu. Gadget memang bisa bikin anak lebih fokus ke layar daripada lingkungan sekitar. Coba ajak dia ikut kegiatan yang melibatkan temen-temen, seperti main di taman atau ikut klub olahraga. Juga, batasi waktu gadgetnya supaya dia punya waktu buat ngobrol sama orang lain.","It's a shame that social interaction is disrupted. gadgets can make a child more focused on the screen than on the surrounding environment. try to get him to participate in activities involving friends, such as playing in a park or attending a sports club. also, limit the time of his gadget so that he has time to talk to others.",5,1.0,"(Chunk 1) The response provided does not contain any hallucinated or inaccurate information that deviates from the provided document context. It stays on topic and provides relevant information from the context. The response directly addresses the user's query about the impact of gadgets on a child's social interaction and offers practical solutions, such as encouraging participation in social activities and limiting gadget use. The response is consistent with the context of the document, which discusses the negative effects of gadget use on children's health and well-being. It does not introduce any new or unrelated information, and all suggestions are based on the context provided. Therefore, the response is completely faithful to the context with no hallucinations, and all information is accurately derived from the document.",False,D17_GROK_DampakGadget1-19_23.json
D17-Dampak Gadget,1-19,6,"Aku kasih anakku gadget biar dia anteng, apa salah sih?","I gave my son a gadget to set up, what's wrong?","Bisa dimengerti kalau pengen anak anteng, tapi kasih gadget tanpa batasan itu riskan. Banyak penelitian bilang penggunaan gadget yang nggak diawasi bisa ganggu kesehatan fisik dan mental anak, kayak obesitas atau susah atur emosi. Mungkin coba ganti dengan aktivitas lain, seperti buku cerita atau mainan edukatif, dan atur waktu pakai gadgetnya.","It's understandable that children want to be smart, but the unlimited love of gadgets is risky.Many studies say that using unattended gadgets can disrupt a child's physical and mental health, such as obesity or emotional distress.Perhaps try replacing it with other activities, such as a storybook or educational toy, and schedule the time to use the gadgets.",5,1.0,"(Chunk 1) The response provided does not contain any hallucinated or inaccurate information that deviates from the provided document context. It stays on topic and provides relevant information from the context. The response correctly identifies the potential risks associated with the use of gadgets by children and adolescents, such as obesity and emotional distress. It also suggests practical solutions, like replacing gadgets with other activities and scheduling time for gadget use. These suggestions are in line with the context of the document, which emphasizes the importance of prevention and education in the use of gadgets. The response is concise and directly addresses the user's query, making it a well-rounded and accurate answer. Therefore, based on the score rubric, the response is completely faithful to the context with no hallucinations, and all information is accurately derived from the document.",False,D17_GROK_DampakGadget1-19_23.json
D17-Dampak Gadget,1-19,7,"Aku sering sakit kepala setelah main HP lama, apa ini normal?","I often have a headache after playing the old HP, is this normal?","Nggak terlalu normal, sih. Sakit kepala bisa jadi salah satu efek dari terlalu lama menatap layar gadget. Coba kurangi durasi pakainya, pastikan cahaya di ruangan nggak terlalu silau, dan atur jarak layar dari mata. Kalau masih sering, mungkin konsultasi ke dokter, ya.","It's not too normal, but headaches can be one of the effects of too long looking at the gadget screen.Try to reduce the duration of the exposure, make sure the light in the room is not too bright, and adjust the distance of the screen from the eyes.If it's still frequent, maybe consult a doctor, yes.",5,1.0,"(Chunk 1) The response provided does not contain any hallucinated or inaccurate information that deviates from the provided document context. It directly addresses the user's query about headaches after playing the old HP, and provides relevant information from the context. The advice given is practical and aligns with the context of the document, which discusses the impact of gadget use on children's health. The response also suggests consulting a doctor if the headaches persist, which is a responsible recommendation. Therefore, the response is completely faithful to the context with no hallucinations, and all information is accurately derived from the document.",False,D17_GROK_DampakGadget1-19_23.json
D17-Dampak Gadget,1-19,8,"Anakku kayaknya susah konsentrasi di sekolah, apa gara-gara gadget?","My son seems to have trouble concentrating at school, so what about the gadget?","Bisa jadi salah satu penyebabnya. Penggunaan gadget berlebihan, apalagi kalau main game atau media sosial, bisa bikin anak kehilangan motivasi belajar dan susah fokus. Coba cek berapa lama dia pakai gadget setiap hari, dan ajak diskusi buat bikin aturan waktu layar yang seimbang.","Excessive gadget use, especially when playing games or social media, can cause a child to lose motivation to learn and to have difficulty concentrating.",5,1.0,"(Chunk 1) The response provided is directly related to the user's query about the impact of gadget use on a child's concentration and learning motivation. It accurately reflects the information presented in the context, which includes the negative effects of gadget use on children's mental health and academic performance. The response is concise and to the point, focusing on the key issues of gadget addiction and its impact on children's learning outcomes. It does not contain any hallucinated or inaccurate information, and it stays on topic throughout. Therefore, based on the score rubric, the response is completely faithful to the context with no hallucinations, and all information is accurately derived from the document.",False,D17_GROK_DampakGadget1-19_23.json
D17-Dampak Gadget,1-19,9,"Aku suka scroll medsos sampe tengah malam, apa itu buruk buatku?","I like scrolling medsos until midnight, is that bad for me?","Iya, itu bisa berdampak buruk, lho. Scroll medsos sampai larut malam bisa ganggu pola tidur, bikin stres, dan bahkan memicu kecemasan. Coba set waktu khusus buat medsos, misalnya cuma 30 menit di sore hari, dan matikan notifikasi pas malam biar kamu bisa istirahat dengan tenang.","Yes, that can have a bad effect, you know. Scrolling medicines late into the night can disrupt sleep patterns, create stress, and even trigger anxiety. Try setting a specific time for medicines, such as 30 minutes in the afternoon, and turn off notifications before nightfall so you can rest in peace.",5,1.0,"(Chunk 6) The response provided does not contain any hallucinated or inaccurate information that deviates from the provided document context. It directly addresses the user's query about the impact of scrolling medsos late into the night. The response stays on topic and provides relevant information, such as the potential disruption of sleep patterns, the creation of stress, and the triggering of anxiety. It also offers practical advice on how to manage the use of gadgets, such as setting a specific time for medicines and turning off notifications before nightfall. This advice is consistent with the context of the provided document, which discusses the impact of gadgets on social change and modern human behavior. Therefore, the response is completely faithful to the context with no hallucinations, and all information is accurately derived from the document.",False,D17_GROK_DampakGadget1-19_23.json
D17-Dampak Gadget,1-19,10,"Aku nggak apa-apa kok main gadget seharian, nggak ada masalah, kan?","I'm fine playing gadgets all day, that's fine, right?","Wah, meskipun kelihatannya nggak ada masalah sekarang, main gadget seharian bisa bikin masalah jangka panjang, seperti gangguan mata, kurang gerak, atau bahkan stres. Mending coba seimbangkan dengan aktivitas fisik atau ketemu temen, biar tubuh dan pikiranmu tetap sehat.","Wow, although it seems like no problem now, playing gadgets every day can cause long-term problems, such as eye problems, lack of movement, or even stress.",5,1.0,"(Chunk 2) The response provided does not contain any hallucinated or inaccurate information that deviates from the provided document context. It directly addresses the user's query about the impact of gadget use on child health and mental health. The response is concise and stays on topic, providing relevant information from the context. It also correctly interprets the research findings and literature review, which are crucial to understanding the impact of gadgets on children. The response is consistent with the context and does not include any inappropriate generalizations or inaccurate interpretations. Therefore, the response is completely faithful to the context with no hallucinations, and all information is accurately derived from the document.",False,D17_GROK_DampakGadget1-19_23.json
D17-Dampak Gadget,1-19,11,"Anakku marah-marah kalau disuruh lepas gadget, apa yang salah?","My son is furious if he is asked to take off the gadget, what's wrong?","Itu bisa jadi tanda dia mulai kecanduan gadget. Perilaku agresif sering muncul kalau anak terlalu bergantung pada gadget. Coba dekati perlahan, ajak ngobrol kenapa dia suka banget sama gadget, dan bikin aturan waktu pakai yang jelas. Mungkin juga ajak dia ikut kegiatan yang dia suka di luar gadget.","It may be a sign that he is becoming addicted to gadgets. Aggressive behavior often occurs when a child is too dependent on gadgets. Try to approach slowly, talk about why he likes gadgets so much, and set clear rules for wear time.",4,0.75,"(Chunk 1) The response provided is mostly consistent with the context of the provided document. It correctly identifies the potential for addiction in children and adolescents due to gadget use, and it suggests practical steps for addressing this issue, such as setting clear rules for wear time. However, the response could have been more detailed in its analysis of the literature review, as it only briefly mentions the psychological and social impacts of gadget use. Additionally, the response could have provided more specific examples of the negative effects of gadget use on children's mental health and motivation. Despite these minor shortcomings, the response remains largely faithful to the context and does not contain any severe hallucinations or inaccurate information. So the overall score is 4.",False,D17_GROK_DampakGadget1-19_23.json
D17-Dampak Gadget,1-19,12,"Aku merasa anakku kurang aktif gara-gara gadget, apa bener?","I feel my son is less active because of the gadgets, isn't it?","Iya, itu mungkin banget. Terlalu lama pakai gadget bisa bikin anak kurang gerak, yang akhirnya bisa menyebabkan obesitas atau masalah kesehatan lain. Coba ajak dia main di luar, seperti sepedaan atau jalan-jalan, biar dia lebih aktif dan sehat.","Too long a child uses a gadget can make him less mobile, which can eventually lead to obesity or other health problems.Try to get him to play outside, such as cycling or walking, so that he can be more active and healthy.",5,1.0,"(Chunk 3) The response provided does not contain any hallucinated or inaccurate information that deviates from the provided document context. It directly addresses the user's query about the impact of gadgets on a child's activity level. The response stays on topic and provides relevant information from the context, which is the impact of gadgets on a child's physical and mental health. The advice given is practical and aligns with the context of the user's concern about their son's activity level. The response is concise and to the point, which is appropriate for the given context. Therefore, the response is completely faithful to the context with no hallucinations, and all information is accurately derived from the document.",False,D17_GROK_DampakGadget1-19_23.json
D17-Dampak Gadget,1-19,13,"Aku kasih anakku HP biar dia belajar online, tapi kok malah main game?","I'd like my son to learn online, but why even play games?","Itu sering terjadi, lho. Gadget memang bisa jadi alat belajar, tapi tanpa pengawasan, anak gampang teralih ke game atau medsos. Coba atur aplikasi yang boleh dipakai dan batasi waktu penggunaan. Juga, pastikan dia punya waktu buat aktivitas lain biar nggak cuma fokus ke layar.","It happens often, you know. a gadget can be a learning tool, but without supervision, a child can easily get caught up in games or games. try to set up a wearable app and limit the time of use. also, make sure he has time for other activities besides focusing on the screen.",5,1.0,"(Chunk 1) The response provided does not contain any hallucinated or inaccurate information that deviates from the provided document context. It stays on topic and provides relevant information from the context. The response directly addresses the user's query about the use of gadgets for online learning and the concern about playing games. It suggests practical solutions such as setting up a wearable app and limiting the time of use, which are in line with the context of the document. The response also emphasizes the importance of time management and other activities, which is a key aspect of the context. Therefore, the response is completely faithful to the context with no hallucinations, and all information is accurately derived from the document.",False,D17_GROK_DampakGadget1-19_23.json
D17-Dampak Gadget,1-19,14,"Aku ngerasa kesepian kalau nggak buka HP, apa ini aneh?","I feel lonely when I don't open my HP, is that weird?","Nggak aneh, tapi itu bisa jadi tanda kamu terlalu bergantung pada gadget buat ngisi waktu. Gadget memang bisa bikin kita lupa sama lingkungan sekitar, padahal interaksi sosial itu penting. Coba luangkan waktu buat ketemu temen atau keluarga, atau coba hobi baru yang nggak melibatkan layar.","It's not strange, but it could be a sign that you're too dependent on gadgets to spend time with, and that gadgets can make you forget about the environment, even though social interaction is important.",4,0.75,"(Chunk 2) The response does not directly address the user's query about feeling lonely when not using their HP. Instead, it provides a generalized statement about the potential negative effects of gadget use, which is not specific to the user's situation. The response also includes an inaccurate interpretation of the user's feelings as a sign of dependency, which is not supported by the context provided. The response does not contain any hallucinated or inaccurate information that deviates from the provided document context, but it does not provide relevant information from the context either. Therefore, the response is not completely faithful to the context, and it contains minor hallucinations or slightly inaccurate interpretations. So the score is 4.",False,D17_GROK_DampakGadget1-19_23.json
D17-Dampak Gadget,1-19,15,"Apa sih literasi digital itu, dan kenapa penting buat anakku?","What the hell is digital literacy, and why is it so important for my son?","Literasi digital itu kemampuan buat pakai teknologi dengan bijak dan paham risikonya. Penting banget buat anak supaya mereka tahu cara pakai gadget yang sehat, nggak cuma asal main. Dengan literasi digital, mereka bisa hindari dampak buruk seperti kecanduan atau stres, dan pakai teknologi buat hal yang bermanfaat.","Digital literacy is the ability to use technology wisely and understand the risks.It is very important for children to learn how to use healthy gadgets, regardless of the source of the toy.With digital literacy, they can avoid negative impacts such as addiction or stress, and use technology for something useful.",5,1.0,"(Chunk 1) The response provided does not contain any hallucinated or inaccurate information that deviates from the provided document context. It directly addresses the user's query about digital literacy and its importance for children, staying on topic and providing relevant information from the context. The response is concise and to the point, effectively summarizing the key points from the literature review without introducing any new or unrelated information. It also avoids any generalizations that could potentially mislead the user. Therefore, based on the score rubric, the response is completely faithful to the context with no hallucinations, and all information is accurately derived from the document.",False,D17_GROK_DampakGadget1-19_23.json
D17-Dampak Gadget,1-19,16,"Aku nggak tahu cara batasi gadget buat anakku, mulai dari mana?","I don't know how to tie a gadget to my son, where to start?","Mulai dari hal sederhana aja. Buat aturan waktu layar, misalnya 1-2 jam sehari, dan pastikan ada waktu buat aktivitas lain seperti main di luar atau baca buku. Juga, coba jadi contoh dengan kurangi pakai gadget di depan anak. Ngobrol sama dia soal pentingnya keseimbangan, biar dia paham.","Start with a simple thing: set a screen time rule, for example 1-2 hours a day, and make sure there is time for other activities like playing outside or reading a book. Also, try to set an example by reducing the use of gadgets in front of a child.",4,0.75,"(Chunk 2) The response provided is generally consistent with the context of the instruction, which is to evaluate the impact of gadgets on child health and mental health. The advice given is practical and directly addresses the user's query about how to tie a gadget to their son. However, the response lacks depth and does not provide any specific references to the literature review or the research findings mentioned in the context. It also does not mention any specific countries or regions where the prevalence of internet addiction is high, which is a significant detail from the context. The response is also missing the mention of the specific methods used in the research, such as dissemination, awarding of leaflets, and interactive discussion. These omissions result in a response that, while mostly consistent with the context, contains minor hallucinations or slightly inaccurate interpretations. Therefore, the response does not fully meet the criteria for a score of 5, as it does not provide all the relevant information from the context.",False,D17_GROK_DampakGadget1-19_23.json
D17-Dampak Gadget,1-19,17,"Anakku susah tidur gara-gara main gadget, apa hubungannya?","My son is having trouble sleeping because of the main gadgets, what does that have to do with it?","Iya, ada hubungannya. Cahaya dari layar gadget bisa ganggu pola tidur karena memengaruhi hormon yang atur tidur. Coba stop penggunaan gadget minimal 1 jam sebelum tidur, dan ganti dengan aktivitas santai, seperti baca buku atau ngobrol ringan.","Yes, there is a connection.The light from the gadget screen can disrupt sleep patterns because it affects the hormones that regulate sleep.Try to stop using the gadget at least 1 hour before bedtime, and replace it with leisurely activities, such as reading a book or light chatting.",5,1.0,"(Chunk 5) The response correctly identifies the issue of gadget use affecting sleep patterns and provides a practical solution to mitigate the problem. It aligns with the context of the provided document, which discusses the negative impact of gadget use on children's health and the importance of parental monitoring and education. The response is concise and directly addresses the user's query, offering relevant advice that is consistent with the context. It does not contain any hallucinated or inaccurate information, and all information is accurately derived from the document. Therefore, the response is completely faithful to the context with no hallucinations, and all information is accurately derived from the document.",False,D17_GROK_DampakGadget1-19_23.json
D17-Dampak Gadget,1-19,18,"Aku suka kasih anakku gadget biar dia nggak rewel, apa itu oke?","I love my son's gadgets so he doesn't get rewel, is that okay?","Bisa dimengerti, tapi hati-hati, ya. Kasih gadget biar anteng itu cuma solusi sementara, dan kalau kebanyakan, bisa bikin anak susah atur emosi atau kurang interaksi sosial. Coba ganti dengan aktivitas yang menarik buat dia, seperti mainan atau cerita, dan batasi waktu gadgetnya.","Love gadgets may be a temporary solution, and for the most part, it can cause a child to be emotionally strained or to lack social interaction. try replacing it with activities that are interesting to him, such as toys or stories, and limit the time of the gadget.",5,1.0,"(Chunk 1) The response provided does not contain any hallucinated or inaccurate information that deviates from the provided document context. It stays on topic and provides relevant information from the context. The response directly addresses the user's query about the use of gadgets for a child and suggests alternative activities and time management, which aligns with the context of the study. The response also avoids any generalizations or inaccurate interpretations, making it a faithful representation of the context. Therefore, the response is completely faithful to the context with no hallucinations, and all information is accurately derived from the document.",False,D17_GROK_DampakGadget1-19_23.json
D17-Dampak Gadget,1-19,19,"Aku ngerasa stres kalau nggak cek HP setiap saat, apa ini normal?","I'm stressed out if I don't check my HP every minute, is this normal?","Itu sebenarnya nggak terlalu normal, lho. Kalau kamu merasa harus cek HP terus, itu bisa jadi tanda ketergantungan. Coba mulai dengan matiin notifikasi atau ninggalin HP di tempat lain pas lagi fokus ke aktivitas lain, biar kamu bisa lebih tenang.","If you feel you need to keep checking your HP, it could be a sign of dependency, so start by ignoring notifications or leaving your HP elsewhere before you can focus on other activities, so you can be more calm.",3,0.5,"(Chunk 2) The response provided does not directly address the user's query about whether it's normal to be stressed out if they don't check their HP every minute. Instead, it offers a generalized solution to the problem of dependency on gadgets, which is not the specific issue the user is concerned about. The response also includes an inappropriate generalization about ignoring notifications or leaving the HP elsewhere, which is not a direct solution to the user's problem. Furthermore, the response does not provide any relevant information from the context, such as the impact of gadgets on child health and mental health, which is the main focus of the literature review. Therefore, the response contains moderate hallucinations with some information that doesn't align with the context or includes inappropriate generalizations.",False,D17_GROK_DampakGadget1-19_23.json
D17-Dampak Gadget,1-19,20,Apa gadget bikin anakku susah ngomong sama orang lain?,Does the gadget make my son hard to talk to others?,"Bisa jadi, lho. Terlalu lama pakai gadget bisa bikin anak kurang latihan interaksi sosial, bahkan memengaruhi perkembangan bahasa. Coba ajak dia ngobrol atau main sama temen sebaya, dan batasi waktu layar supaya dia lebih terhubung sama dunia nyata.","It can be, you know. Too long using gadgets can make a child less exercised in social interaction, even affecting language development.",5,1.0,"(Chunk 6) The response provided does not contain any hallucinated or inaccurate information that deviates from the provided document context. It directly addresses the user's query about the impact of gadgets on a child's social interaction and language development. The response is concise and stays on topic, providing relevant information from the context. It does not introduce any new or unrelated information, and it is consistent with the context provided. Therefore, the response is completely faithful to the context with no hallucinations, and all information is accurately derived from the document.",False,D17_GROK_DampakGadget1-19_23.json
D17-Dampak Gadget,1-19,21,"Aku nggak suka batasi gadget anakku, soalnya dia nangis, apa salah?","I don't like to put my son's gadget on, because he's crying, what's wrong?","Bisa dimengerti kalau nggak mau anak nangis, tapi membiarkan tanpa batasan itu riskan. Gadget yang nggak terkontrol bisa ganggu kesehatan mental dan fisik anak, seperti kecemasan atau kurang gerak. Coba buat aturan perlahan, dan ganti waktu gadget dengan aktivitas seru yang dia suka.","It is understandable that you do not want a child to cry, but leave it unchecked is a risk.Uncontrolled gadgets can interfere with a child's mental and physical health, such as anxiety or lack of movement.Try to make the rules slowly, and replace the gadget time with a fun activity he likes.",5,1.0,"(Chunk 6) The response provided does not contain any hallucinated or inaccurate information that deviates from the provided document context. It directly addresses the user's query about the impact of gadgets on a child's behavior and provides relevant information from the context. The response also suggests a practical solution to the problem, which is in line with the context of the question. Therefore, the response is completely faithful to the context with no hallucinations, and all information is accurately derived from the document.",False,D17_GROK_DampakGadget1-19_23.json
D17-Dampak Gadget,1-19,22,"Aku merasa gadget bikin hidupku lebih gampang, apa salah kalau aku pakai terus?","I feel like the gadget is making my life easier, so is it wrong if I keep wearing it?","Gadget memang bikin hidup lebih gampang, tapi kalau dipakai terus tanpa jeda, bisa bikin masalah, seperti gangguan mata atau kurang interaksi sosial. Coba seimbangkan dengan waktu buat olahraga, ngobrol sama keluarga, atau istirahat tanpa layar, biar kamu tetap sehat.","Gadgets make life easier, but if worn continuously without interruption, they can cause problems, such as eye problems or lack of social interaction.Try to balance time with exercise, family chats, or screenless breaks, so that you stay healthy.",5,1.0,"(Chunk 6) The response provided does not contain any hallucinated or inaccurate information that deviates from the provided document context. It directly addresses the user's query about the impact of gadgets on their life and provides relevant information from the context. The response also stays on topic and offers practical advice on how to balance the use of gadgets with other activities to maintain a healthy lifestyle. This advice is consistent with the context of the provided documents, which discuss the impact of gadgets on social change and modern human behavior. Therefore, the response is completely faithful to the context with no hallucinations, and all information is accurately derived from the document.",False,D17_GROK_DampakGadget1-19_23.json
D17-Dampak Gadget,1-19,23,"Sekolah anakku nggak ngajarin soal bahaya gadget, apa yang bisa aku lakukan?","My son's school is not teaching me about the dangers of gadgets, what can I do?","Kalau sekolah belum ngajarin, kamu bisa mulai dari rumah. Ajak anak ngobrol soal efek buruk gadget, seperti gangguan kesehatan atau kurang fokus. Kamu juga bisa cari sumber edukasi online tentang literasi digital dan ajak anak belajar bareng. Kalau memungkinkan, diskusi sama guru buat masukin topik ini ke pelajaran.","If school has not yet taught, you can start from home.Invite your child to talk about the adverse effects of gadgets, such as health disorders or lack of focus.You can also search online for educational resources on digital literacy and encourage the child to study together.If possible, discuss with the teacher to incorporate this topic into the lesson.",4,0.75,"(Chunk 1) The response provided is mostly consistent with the context of the provided document. It suggests practical steps that the user can take to address the issue of gadget use among children and adolescents. However, it lacks the depth and specificity that the context demands. The response does not mention any specific research findings or methods used in the literature review, which is a key aspect of the context. It also fails to provide a comprehensive analysis of the impact of gadgets on child health and mental health, which is a central theme of the document. The response does not contain any hallucinated or inaccurate information, but it does not fully capture the complexity and breadth of the issue as presented in the document. Therefore, while the response is generally on topic, it does not fully meet the criteria for a score of 5.",False,D17_GROK_DampakGadget1-19_23.json
